/*
 Navicat MySQL Data Transfer

 Source Server         : local
 Source Server Version : 50617
 Source Host           : localhost
 Source Database       : rentplatform

 Target Server Version : 50617
 File Encoding         : utf-8

 Date: 12/30/2017 22:54:29 PM
*/

SET NAMES utf8;
SET FOREIGN_KEY_CHECKS = 0;

-- ----------------------------
--  Table structure for `ad_price_list`
-- ----------------------------
DROP TABLE IF EXISTS `ad_price_list`;
CREATE TABLE `ad_price_list` (
	`ad_id` int(10) UNSIGNED NOT NULL AUTO_INCREMENT COMMENT '廣告優惠ID',
	`title` varchar(30) NOT NULL COMMENT '活動名稱',
	`percent` int(11) NOT NULL COMMENT '優惠趴數',
	`start_time` timestamp NOT NULL ON UPDATE CURRENT_TIMESTAMP DEFAULT CURRENT_TIMESTAMP COMMENT '起始時間',
	`end_time` timestamp NOT NULL DEFAULT CURRENT_TIMESTAMP COMMENT '結束時間',
	`days` int(10) UNSIGNED NOT NULL DEFAULT '1' COMMENT '優惠天數',
	`count` int(10) UNSIGNED NOT NULL DEFAULT '0' COMMENT '參與人數',
	`create_time` timestamp NOT NULL DEFAULT CURRENT_TIMESTAMP,
	PRIMARY KEY (`ad_id`)
) ENGINE=`MyISAM` AUTO_INCREMENT=6 DEFAULT CHARACTER SET utf8 COLLATE utf8_general_ci ROW_FORMAT=DYNAMIC COMMENT='廣告費優惠列表' CHECKSUM=0 DELAY_KEY_WRITE=0;

-- ----------------------------
--  Records of `ad_price_list`
-- ----------------------------
BEGIN;
INSERT INTO `ad_price_list` VALUES ('1', '666', '5', '2017-11-06 00:00:00', '2017-11-30 23:59:59', '1', '0', '2017-11-12 00:24:37'), ('2', '保證不再違規', '19', '2017-12-04 00:00:00', '2017-12-15 23:59:59', '10', '0', '2017-12-03 17:59:08'), ('5', 'aaa', '1', '2017-12-16 00:00:00', '2017-12-28 00:00:00', '1', '0', '2017-12-03 20:12:02');
COMMIT;

-- ----------------------------
--  Table structure for `admin_group`
-- ----------------------------
DROP TABLE IF EXISTS `admin_group`;
CREATE TABLE `admin_group` (
	`gid` int(10) UNSIGNED NOT NULL AUTO_INCREMENT COMMENT '群組ID',
	`name` varchar(20) NOT NULL COMMENT '群組名稱',
	`desc` varchar(100) DEFAULT NULL COMMENT '群組說明',
	`displayorder` tinyint(2) NOT NULL DEFAULT '1' COMMENT '排序',
	`create_time` timestamp NOT NULL DEFAULT CURRENT_TIMESTAMP,
	PRIMARY KEY (`gid`)
) ENGINE=`MyISAM` AUTO_INCREMENT=5 DEFAULT CHARACTER SET utf8 COLLATE utf8_general_ci ROW_FORMAT=DYNAMIC COMMENT='後台群組列表' CHECKSUM=0 DELAY_KEY_WRITE=0;

-- ----------------------------
--  Records of `admin_group`
-- ----------------------------
BEGIN;
INSERT INTO `admin_group` VALUES ('1', '最高管理組', 'super user', '1', '2017-10-16 20:31:51'), ('3', '醬油組', '混吃等死', '90', '2017-10-20 00:21:21');
COMMIT;

-- ----------------------------
--  Table structure for `admin_group_permission`
-- ----------------------------
DROP TABLE IF EXISTS `admin_group_permission`;
CREATE TABLE `admin_group_permission` (
	`gid` int(10) UNSIGNED NOT NULL COMMENT '群組ID',
	`perm_id` int(10) UNSIGNED NOT NULL COMMENT '權限ID',
	PRIMARY KEY (`gid`, `perm_id`)
) ENGINE=`MyISAM` DEFAULT CHARACTER SET utf8 COLLATE utf8_general_ci ROW_FORMAT=FIXED COMMENT='後台群組對應權限表' CHECKSUM=0 DELAY_KEY_WRITE=0;

-- ----------------------------
--  Records of `admin_group_permission`
-- ----------------------------
BEGIN;
INSERT INTO `admin_group_permission` VALUES ('1', '2'), ('1', '3'), ('1', '4'), ('1', '6'), ('1', '7'), ('1', '8'), ('1', '10'), ('1', '11'), ('1', '12'), ('1', '13'), ('1', '14'), ('1', '15'), ('1', '17'), ('1', '18'), ('1', '21'), ('1', '22'), ('1', '24'), ('1', '25'), ('1', '26'), ('1', '28'), ('1', '29'), ('1', '30'), ('1', '32'), ('1', '33'), ('1', '34'), ('1', '36'), ('1', '37'), ('1', '38'), ('1', '40'), ('1', '41'), ('1', '43'), ('1', '44'), ('1', '45'), ('1', '46'), ('1', '48'), ('1', '49'), ('1', '51'), ('1', '52'), ('1', '54'), ('1', '56'), ('1', '58'), ('1', '59'), ('3', '6'), ('3', '7'), ('3', '24'), ('3', '25'), ('3', '26');
COMMIT;

-- ----------------------------
--  Table structure for `admin_permission_list`
-- ----------------------------
DROP TABLE IF EXISTS `admin_permission_list`;
CREATE TABLE `admin_permission_list` (
	`perm_id` int(10) UNSIGNED NOT NULL AUTO_INCREMENT COMMENT '權限ID',
	`parent_perm_id` int(11) NOT NULL DEFAULT '0' COMMENT '上層權限的perm_id',
	`name` varchar(10) NOT NULL COMMENT '權限名稱',
	`key` varchar(30) NOT NULL COMMENT '程式判斷用代碼',
	PRIMARY KEY (`perm_id`)
) ENGINE=`MyISAM` AUTO_INCREMENT=63 DEFAULT CHARACTER SET utf8 COLLATE utf8_general_ci ROW_FORMAT=DYNAMIC COMMENT='後台權限列表' CHECKSUM=0 DELAY_KEY_WRITE=0;

-- ----------------------------
--  Records of `admin_permission_list`
-- ----------------------------
BEGIN;
INSERT INTO `admin_permission_list` VALUES ('1', '0', '群組設定', 'group'), ('2', '1', '群組列表', 'groupList'), ('3', '1', '編輯群組', 'groupEdit'), ('4', '1', '刪除群組', 'groupDelete'), ('5', '0', '帳號設定', 'admin'), ('6', '5', '帳號列表', 'adminList'), ('7', '5', '編輯帳號', 'adminEdit'), ('8', '5', '刪除帳號', 'adminDelete'), ('9', '0', '系統設定', 'systemSetting'), ('10', '9', '全域廣告費設定', 'adPriceSetting'), ('11', '9', '網站SSO設定', 'ssoSetting'), ('12', '9', '首頁輪播秒數設定', 'carasolSetting'), ('13', '9', 'ga代碼設置', 'gaSetting'), ('14', '9', '縣市區域設定', 'areaSetting'), ('15', '9', '預設租金設定', 'rentSetting'), ('16', '0', '會員管理', 'manager'), ('17', '16', '會員列表', 'managerList'), ('18', '16', '編輯會員', 'managerEdit'), ('23', '0', '專欄文章', 'article'), ('20', '0', '租公管理', 'master'), ('21', '20', '租公列表', 'masterList'), ('22', '20', '編輯租公', 'masterEdit'), ('24', '23', '專欄文章列表', 'articleList'), ('25', '23', '編輯專欄文章', 'articleEdit'), ('27', '0', '常見問題', 'question'), ('28', '27', '常見問題列表', 'questionList'), ('29', '27', '編輯常見問題', 'questionEdit'), ('31', '0', '電器類型', 'deviceType'), ('32', '31', '電器類型列表', 'deviceTypeList'), ('33', '31', '編輯電器類型', 'deviceTypeEdit'), ('35', '0', '品牌管理', 'brand'), ('36', '35', '品牌列表', 'brandList'), ('37', '35', '編輯品牌', 'brandEdit'), ('39', '0', '電器管理', 'device'), ('40', '39', '電器列表', 'deviceList'), ('41', '39', '編輯電器', 'deviceEdit'), ('56', '0', '意見反應管理', 'arbitration'), ('57', '0', '廣告優惠管理', 'adDiscount'), ('58', '57', '廣告優惠列表', 'adDiscountList'), ('46', '0', '交易紀錄列表', 'transactionList'), ('47', '0', 'emil管理', 'email'), ('49', '47', '編輯email模板', 'emailEdit'), ('50', '0', '簡訊管理', 'message'), ('52', '50', '簡訊模板編輯', 'messageEdit'), ('53', '0', '靜態頁面管理', 'staticpage'), ('54', '53', '靜態頁面編輯', 'staticpageEdit'), ('59', '57', '廣告優惠編輯', 'adDiscountEdit'), ('60', '0', '首頁輪播圖管理', 'carousel'), ('61', '60', '首頁輪播圖編輯', 'carouselEdit'), ('62', '60', '首頁輪播圖列表', 'carouselList');
COMMIT;

-- ----------------------------
--  Table structure for `admin_user`
-- ----------------------------
DROP TABLE IF EXISTS `admin_user`;
CREATE TABLE `admin_user` (
	`aid` int(10) UNSIGNED NOT NULL AUTO_INCREMENT COMMENT '後台帳號ID',
	`gid` int(10) UNSIGNED NOT NULL DEFAULT '0' COMMENT '群組ID',
	`name` varchar(20) NOT NULL COMMENT '名稱',
	`account` varchar(20) NOT NULL COMMENT '帳號',
	`password` varchar(255) NOT NULL COMMENT '密碼',
	`pic` varchar(100) DEFAULT NULL COMMENT '頭像圖片檔名',
	`status` tinyint(1) NOT NULL DEFAULT '1' COMMENT '啟用狀態, 0停用1啟用',
	`last_login` timestamp NOT NULL ON UPDATE CURRENT_TIMESTAMP DEFAULT CURRENT_TIMESTAMP COMMENT '最後登入時間',
	`create_time` timestamp NOT NULL DEFAULT CURRENT_TIMESTAMP COMMENT '創建時間',
	PRIMARY KEY (`aid`)
) ENGINE=`MyISAM` AUTO_INCREMENT=4 DEFAULT CHARACTER SET utf8 COLLATE utf8_general_ci ROW_FORMAT=DYNAMIC COMMENT='後台帳號資訊' CHECKSUM=0 DELAY_KEY_WRITE=0;

-- ----------------------------
--  Records of `admin_user`
-- ----------------------------
BEGIN;
INSERT INTO `admin_user` VALUES ('1', '1', 'admin', 'admin', '81dc9bdb52d04dc20036dbd8313ed055', 'b373c43c928f3bcd267ae5329a50c7da.jpg', '1', '2017-10-30 20:51:23', '2017-10-30 20:48:49'), ('2', '3', 'jimmy', 'jimmy', '', null, '1', '2017-12-17 18:12:54', '2017-10-30 20:58:29');
COMMIT;

-- ----------------------------
--  Table structure for `admin_user_permission`
-- ----------------------------
DROP TABLE IF EXISTS `admin_user_permission`;
CREATE TABLE `admin_user_permission` (
	`aid` int(10) UNSIGNED NOT NULL COMMENT '管理帳號ID',
	`perm_id` int(10) UNSIGNED NOT NULL COMMENT '權限ID',
	PRIMARY KEY (`aid`, `perm_id`)
) ENGINE=`MyISAM` DEFAULT CHARACTER SET utf8 COLLATE utf8_general_ci ROW_FORMAT=FIXED COMMENT='後台帳號對應權限表' CHECKSUM=0 DELAY_KEY_WRITE=0;

-- ----------------------------
--  Table structure for `arbitration_list`
-- ----------------------------
DROP TABLE IF EXISTS `arbitration_list`;
CREATE TABLE `arbitration_list` (
	`ab_id` int(10) UNSIGNED NOT NULL AUTO_INCREMENT COMMENT '仲裁編號',
	`ur_id` int(11) NOT NULL COMMENT '租借紀錄ID',
	`uid` int(10) UNSIGNED NOT NULL COMMENT '申訴人uid',
	`status` tinyint(4) NOT NULL DEFAULT '0' COMMENT '仲裁狀態, 0處理中1銷單2駁回',
	`reason` text DEFAULT NULL COMMENT '仲裁原因',
	`owner_reason` text DEFAULT NULL COMMENT '租方理由',
	`renter_reason` text DEFAULT NULL COMMENT '借方理由',
	`comment` text DEFAULT NULL COMMENT '官方備註',
	`update_time` timestamp NOT NULL ON UPDATE CURRENT_TIMESTAMP DEFAULT CURRENT_TIMESTAMP,
	`create_time` timestamp NOT NULL DEFAULT CURRENT_TIMESTAMP,
	PRIMARY KEY (`ab_id`)
) ENGINE=`MyISAM` AUTO_INCREMENT=7 DEFAULT CHARACTER SET utf8 COLLATE utf8_general_ci ROW_FORMAT=DYNAMIC COMMENT='仲裁列表' CHECKSUM=0 DELAY_KEY_WRITE=0;

-- ----------------------------
--  Records of `arbitration_list`
-- ----------------------------
BEGIN;
INSERT INTO `arbitration_list` VALUES ('5', '2', '5', '1', 'no money', '6666', '1111', '66', '2017-11-29 20:59:47', '2017-11-25 18:52:02');
COMMIT;

-- ----------------------------
--  Table structure for `article`
-- ----------------------------
DROP TABLE IF EXISTS `article`;
CREATE TABLE `article` (
	`at_id` int(10) UNSIGNED NOT NULL AUTO_INCREMENT COMMENT '專欄文章ID',
	`atype_id` int(11) NOT NULL COMMENT '專欄文章類別ID',
	`title` varchar(255) NOT NULL COMMENT '標題',
	`pic` varchar(100) DEFAULT NULL COMMENT '圖片',
	`introduction` varchar(255) DEFAULT NULL COMMENT '簡介',
	`description` text DEFAULT NULL COMMENT '內文',
	`displayorder` tinyint(2) UNSIGNED NOT NULL DEFAULT '1' COMMENT '排序',
	`status` tinyint(4) NOT NULL DEFAULT '0' COMMENT '狀態, 0停用1啟用',
	`release_time` timestamp NULL DEFAULT NULL COMMENT '發佈時間',
	`update_time` timestamp NOT NULL ON UPDATE CURRENT_TIMESTAMP DEFAULT CURRENT_TIMESTAMP COMMENT '更新時間',
	`create_time` timestamp NOT NULL DEFAULT CURRENT_TIMESTAMP,
	PRIMARY KEY (`at_id`)
) ENGINE=`MyISAM` AUTO_INCREMENT=5 DEFAULT CHARACTER SET utf8 COLLATE utf8_general_ci ROW_FORMAT=DYNAMIC COMMENT='專欄文章列表' CHECKSUM=0 DELAY_KEY_WRITE=0;

-- ----------------------------
--  Records of `article`
-- ----------------------------
BEGIN;
INSERT INTO `article` VALUES ('1', '1', 'avasaa', '4adfaa3bf9508a34f11ff7ed87a807f3.jpg', 'sqsd sdeqqsas vddfwqs', '<p>sdfss<span style=\"color:#3498db\">sdfs</span></p>\r\n\r\n<p>sd<del>fasd</del></p>\r\n', '1', '1', '2017-12-25 06:20:51', '2017-12-25 22:59:37', '2017-12-25 14:20:20'), ('2', '2', 'test2', '1b33123549228241e68f71dcdc79c4ac.jpg', 'ttttt', '<p>南韓青瓦台採購清單上驚見350劑炭疽疫苗，因為再不快點研製解毒劑，就要大禍臨頭。南韓外交系教授：「北韓從1960年代開始研發生化武器，手上擁有包括炭疽病毒等13種生化武器，存量超過5000公噸。」</p>\r\n\r\n<p>據傳北韓已成功試驗炭疽病毒耐高溫測試，可能裝進洲際導彈或是由無人機空投，100公斤的炭疽彈一爆炸，首爾立刻會有300萬人死亡，不過前提是，北韓未來還有足夠燃料讓飛彈或無人機升空。</p>\r\n\r\n<p>美國駐聯合國大使海莉：「（決議）包括對北韓最嚴厲制裁。」聯合國通過對北韓最新制裁，包括削減90％石油進口；要求成員國在兩年內，遣返所有北韓勞工；並結查扣北韓可疑船隻，北韓再度拉高分貝還擊。</p>\r\n\r\n<p>朝鮮電視台主播：「美國跟他的跟隨者通過的制裁案，是對朝鮮主權莫大的侵害，形同戰爭行為。」</p>\r\n\r\n<p>迎擊美國為首的「戰爭行為」，北韓先加強管束軍隊和黨內紀律。南韓統一部研究所所長：「聯合國制裁勢必造成北韓社會不穩定，剛好給了北韓當局取締藉口。」 </p>\r\n\r\n<p>24日北韓幽靈船又沖上日本沿岸，木造船幾乎解體，裡頭發現4具腐爛遺體。</p>\r\n\r\n<p>金正恩嗆得不亦樂乎，北韓社會卻在加速崩解中，老百姓寧可跟怒海搏命也不要在家園等死。（整理：實習編輯鄭餘蓉）</p>\r\n', '1', '1', '2017-12-29 12:57:50', '2017-12-29 20:57:50', '2017-12-25 23:02:57'), ('4', '1', 'dwdqd', '7295dbd7cd728235febbb0330aabca99.jpg', 'eeee', '<table>\r\n	<tbody>\r\n		<tr>\r\n			<td>\r\n			<p>The standard popup-blocker logic contained in most browsers these days will block any calls to <code>window.open()</code> that are not the direct result of a user action. Code that is triggered by timers or by any asynchronous callback (like your ajax ready function) will be treated as NOT caused directly by user actions and the new popup window will generally be blocked.</p>\r\n\r\n			<p>You can verify this is what is happening by temporarily changing your browser\'s popup blocking (turning it off) and see that it then starts working.</p>\r\n\r\n			<p>Probably what you need to do as a work-around is to create the window upon the user action that started this thread of code and then put the content into the window when you get your ajax response. The browser will probably allow that. I know that\'s less desirable from a visual perspective, but you can put some temporary content in the window until the ajax response comes in (something like \"loading...\").</p>\r\n			</td>\r\n		</tr>\r\n	</tbody>\r\n</table>\r\n', '1', '1', '2017-12-25 15:56:04', '2017-12-25 23:56:04', '2017-12-25 23:54:39');
COMMIT;

-- ----------------------------
--  Table structure for `article_type_list`
-- ----------------------------
DROP TABLE IF EXISTS `article_type_list`;
CREATE TABLE `article_type_list` (
	`atype_id` int(10) UNSIGNED NOT NULL AUTO_INCREMENT COMMENT '專欄文章類別ID',
	`name` varchar(20) NOT NULL COMMENT '專欄文章類別名稱',
	`create_time` timestamp NOT NULL DEFAULT CURRENT_TIMESTAMP,
	PRIMARY KEY (`atype_id`)
) ENGINE=`MyISAM` AUTO_INCREMENT=12 DEFAULT CHARACTER SET utf8 COLLATE utf8_general_ci ROW_FORMAT=DYNAMIC COMMENT='專欄文章類別列表' CHECKSUM=0 DELAY_KEY_WRITE=0;

-- ----------------------------
--  Records of `article_type_list`
-- ----------------------------
BEGIN;
INSERT INTO `article_type_list` VALUES ('1', '最新消息', '2017-12-25 13:50:51'), ('2', '電電玩家', '2017-12-25 13:51:01'), ('3', '設計達人', '2017-12-25 13:51:05'), ('4', '家事高手', '2017-12-25 13:51:12'), ('5', '共享經濟', '2017-12-25 13:51:17'), ('6', '活動紀錄', '2017-12-25 13:51:21'), ('7', '媒體報導', '2017-12-25 13:51:32');
COMMIT;

-- ----------------------------
--  Table structure for `brand_list`
-- ----------------------------
DROP TABLE IF EXISTS `brand_list`;
CREATE TABLE `brand_list` (
	`bid` int(10) UNSIGNED NOT NULL AUTO_INCREMENT COMMENT '品牌ID',
	`name` varchar(100) NOT NULL COMMENT '品牌名稱',
	`update_time` timestamp NOT NULL ON UPDATE CURRENT_TIMESTAMP DEFAULT CURRENT_TIMESTAMP,
	`create_time` timestamp NOT NULL DEFAULT CURRENT_TIMESTAMP,
	PRIMARY KEY (`bid`)
) ENGINE=`MyISAM` AUTO_INCREMENT=5 DEFAULT CHARACTER SET utf8 COLLATE utf8_general_ci ROW_FORMAT=DYNAMIC COMMENT='品牌列表' CHECKSUM=0 DELAY_KEY_WRITE=0;

-- ----------------------------
--  Records of `brand_list`
-- ----------------------------
BEGIN;
INSERT INTO `brand_list` VALUES ('1', 'sony', '2017-10-31 21:38:55', '2017-10-31 21:38:14'), ('2', '東元', '2017-10-31 21:39:06', '2017-10-31 21:39:06'), ('3', 'nike', '2017-10-31 21:39:36', '2017-10-31 21:39:36');
COMMIT;

-- ----------------------------
--  Table structure for `carousel`
-- ----------------------------
DROP TABLE IF EXISTS `carousel`;
CREATE TABLE `carousel` (
	`caid` int(10) UNSIGNED NOT NULL AUTO_INCREMENT,
	`pcimg` varchar(255) NOT NULL DEFAULT '' COMMENT 'PC版圖片',
	`mobileimg` varchar(255) NOT NULL DEFAULT '' COMMENT '手機版圖片',
	`url` text DEFAULT NULL COMMENT '連結',
	`status` tinyint(1) NOT NULL DEFAULT '0' COMMENT '狀態, 0停用1啟用',
	`alwaysshow` tinyint(1) NOT NULL DEFAULT '0' COMMENT '狀態, 0 none,1 上架後永久顯示',
	`displayorder` int(11) NOT NULL DEFAULT '1' COMMENT '排序',
	`release_time` timestamp NULL DEFAULT NULL COMMENT '上次發布時間',
	`start_time` timestamp NOT NULL DEFAULT CURRENT_TIMESTAMP COMMENT '上架日期',
	`end_time` timestamp NULL DEFAULT NULL COMMENT '下架日期',
	`create_time` timestamp NOT NULL DEFAULT CURRENT_TIMESTAMP COMMENT '建立時間',
	PRIMARY KEY (`caid`),
	INDEX `time` (`status`, start_time, end_time)
) ENGINE=`MyISAM` AUTO_INCREMENT=4 DEFAULT CHARACTER SET utf8 COLLATE utf8_general_ci ROW_FORMAT=DYNAMIC COMMENT='首頁輪播圖列表' CHECKSUM=0 DELAY_KEY_WRITE=0;

-- ----------------------------
--  Records of `carousel`
-- ----------------------------
BEGIN;
INSERT INTO `carousel` VALUES ('1', 'dcd7713d7f9065f989de3780277271b8.jpg', '4dae58a7fd3eecc15cc9478804cb9208.jpg', 'http://kl-api-test.s8sina.net/apiv286.php', '1', '0', '15', '2017-12-20 17:04:00', '2017-12-17 00:00:00', '2018-01-01 23:59:59', '2017-12-17 19:11:37');
COMMIT;

-- ----------------------------
--  Table structure for `ci_sessions`
-- ----------------------------
DROP TABLE IF EXISTS `ci_sessions`;
CREATE TABLE `ci_sessions` (
	`id` varchar(128) NOT NULL,
	`ip_address` varchar(45) NOT NULL,
	`timestamp` int(10) UNSIGNED NOT NULL DEFAULT '0',
	`data` blob NOT NULL,
	INDEX `ci_sessions_timestamp` (`timestamp`)
) ENGINE=`MyISAM` DEFAULT CHARACTER SET utf8 COLLATE utf8_general_ci ROW_FORMAT=DYNAMIC COMMENT='ci seesion管理' CHECKSUM=0 DELAY_KEY_WRITE=0;

-- ----------------------------
--  Records of `ci_sessions`
-- ----------------------------
BEGIN;
INSERT INTO `ci_sessions` VALUES ('ii1ecai0kca4338tbjvli7rh0cbp8ivc', '127.0.0.1', '1514555260', 0x5f5f63695f6c6173745f726567656e65726174657c693a313531343535353235313b7569647c733a313a2236223b69734c6f676765647c623a313b70726f66696c657c613a32353a7b733a333a22756964223b733a313a2236223b733a343a226e616d65223b733a31303a226a696d6d792063686f75223b733a383a226e69636b6e616d65223b733a323a226a6a223b733a383a22757365726e616d65223b733a31393a226b6b6b706b383740686f746d61696c2e636f6d223b733a383a2270617373776f7264223b733a33323a226230626165653964323739643334666131646664373161616462393038633366223b733a333a22736578223b733a313a2231223b733a393a2269645f6e756d626572223b733a31303a2266313232393932333332223b733a31323a2270686f6e655f6e756d626572223b733a31303a2230393830393130363431223b733a373a2261646472657373223b733a31353a22616162626363e5a4a9e9be8de4baba223b733a373a226c696e655f6964223b733a303a22223b733a363a22737461747573223b733a313a2230223b733a31313a22656d61696c5f76616c6964223b733a313a2231223b733a31313a2270686f6e655f76616c6964223b733a313a2231223b733a31373a226372656469745f636172645f76616c6964223b733a313a2230223b733a31313a2272656e745f6d6173746572223b733a313a2230223b733a31303a2261645f70657263656e74223b733a313a2230223b733a31353a2261645f70657263656e745f64617465223b4e3b733a343a22676f6f64223b733a313a2230223b733a333a22626164223b733a313a2230223b733a393a2272656e745f74696d65223b733a313a2230223b733a31313a226d61737465725f74696d65223b733a313a2230223b733a393a226c6f636b5f74696d65223b4e3b733a31303a226c6173745f6c6f67696e223b733a31393a22323031372d31322d31392031373a31393a3235223b733a31313a227570646174655f74696d65223b733a31393a22323031372d31322d32302030303a31393a3235223b733a31313a226372656174655f74696d65223b733a31393a22323031372d31312d31302030303a31373a3436223b7d), ('7qkorbtcjk2602u1t2k9n02eviv713v8', '127.0.0.1', '1514555251', 0x5f5f63695f6c6173745f726567656e65726174657c693a313531343535353235313b7569647c733a313a2236223b69734c6f676765647c623a313b70726f66696c657c613a32353a7b733a333a22756964223b733a313a2236223b733a343a226e616d65223b733a31303a226a696d6d792063686f75223b733a383a226e69636b6e616d65223b733a323a226a6a223b733a383a22757365726e616d65223b733a31393a226b6b6b706b383740686f746d61696c2e636f6d223b733a383a2270617373776f7264223b733a33323a226230626165653964323739643334666131646664373161616462393038633366223b733a333a22736578223b733a313a2231223b733a393a2269645f6e756d626572223b733a31303a2266313232393932333332223b733a31323a2270686f6e655f6e756d626572223b733a31303a2230393830393130363431223b733a373a2261646472657373223b733a31353a22616162626363e5a4a9e9be8de4baba223b733a373a226c696e655f6964223b733a303a22223b733a363a22737461747573223b733a313a2230223b733a31313a22656d61696c5f76616c6964223b733a313a2231223b733a31313a2270686f6e655f76616c6964223b733a313a2231223b733a31373a226372656469745f636172645f76616c6964223b733a313a2230223b733a31313a2272656e745f6d6173746572223b733a313a2230223b733a31303a2261645f70657263656e74223b733a313a2230223b733a31353a2261645f70657263656e745f64617465223b4e3b733a343a22676f6f64223b733a313a2230223b733a333a22626164223b733a313a2230223b733a393a2272656e745f74696d65223b733a313a2230223b733a31313a226d61737465725f74696d65223b733a313a2230223b733a393a226c6f636b5f74696d65223b4e3b733a31303a226c6173745f6c6f67696e223b733a31393a22323031372d31322d31392031373a31393a3235223b733a31313a227570646174655f74696d65223b733a31393a22323031372d31322d32302030303a31393a3235223b733a31313a226372656174655f74696d65223b733a31393a22323031372d31312d31302030303a31373a3436223b7d), ('nfspbafu0e9gb2e9s2u2i15g7s7i4qmm', '127.0.0.1', '1514554841', 0x5f5f63695f6c6173745f726567656e65726174657c693a313531343535343834313b7569647c733a313a2236223b69734c6f676765647c623a313b70726f66696c657c613a32353a7b733a333a22756964223b733a313a2236223b733a343a226e616d65223b733a31303a226a696d6d792063686f75223b733a383a226e69636b6e616d65223b733a323a226a6a223b733a383a22757365726e616d65223b733a31393a226b6b6b706b383740686f746d61696c2e636f6d223b733a383a2270617373776f7264223b733a33323a226230626165653964323739643334666131646664373161616462393038633366223b733a333a22736578223b733a313a2231223b733a393a2269645f6e756d626572223b733a31303a2266313232393932333332223b733a31323a2270686f6e655f6e756d626572223b733a31303a2230393830393130363431223b733a373a2261646472657373223b733a31353a22616162626363e5a4a9e9be8de4baba223b733a373a226c696e655f6964223b733a303a22223b733a363a22737461747573223b733a313a2230223b733a31313a22656d61696c5f76616c6964223b733a313a2231223b733a31313a2270686f6e655f76616c6964223b733a313a2231223b733a31373a226372656469745f636172645f76616c6964223b733a313a2230223b733a31313a2272656e745f6d6173746572223b733a313a2230223b733a31303a2261645f70657263656e74223b733a313a2230223b733a31353a2261645f70657263656e745f64617465223b4e3b733a343a22676f6f64223b733a313a2230223b733a333a22626164223b733a313a2230223b733a393a2272656e745f74696d65223b733a313a2230223b733a31313a226d61737465725f74696d65223b733a313a2230223b733a393a226c6f636b5f74696d65223b4e3b733a31303a226c6173745f6c6f67696e223b733a31393a22323031372d31322d31392031373a31393a3235223b733a31313a227570646174655f74696d65223b733a31393a22323031372d31322d32302030303a31393a3235223b733a31313a226372656174655f74696d65223b733a31393a22323031372d31312d31302030303a31373a3436223b7d), ('41o405qvg9hfgadv087ld5mn0pf32t5q', '127.0.0.1', '1514553911', 0x5f5f63695f6c6173745f726567656e65726174657c693a313531343535333931313b69734c6f676765647c623a313b7569647c733a313a2235223b70726f66696c657c613a32353a7b733a333a22756964223b733a313a2235223b733a343a226e616d65223b733a343a2265726963223b733a383a226e69636b6e616d65223b733a343a226e657731223b733a383a22757365726e616d65223b733a31383a22657269636b6b706b40676d61696c2e636f6d223b733a383a2270617373776f7264223b733a33323a226230626165653964323739643334666131646664373161616462393038633366223b733a333a22736578223b733a313a2231223b733a393a2269645f6e756d626572223b733a31303a2261393835363633323233223b733a31323a2270686f6e655f6e756d626572223b733a31303a2230393830393130363431223b733a373a2261646472657373223b733a393a22e5a4a9e9be8de59c8b223b733a373a226c696e655f6964223b733a343a2273646665223b733a363a22737461747573223b733a313a2230223b733a31313a22656d61696c5f76616c6964223b733a313a2231223b733a31313a2270686f6e655f76616c6964223b733a313a2231223b733a31373a226372656469745f636172645f76616c6964223b733a313a2231223b733a31313a2272656e745f6d6173746572223b733a313a2231223b733a31303a2261645f70657263656e74223b733a313a2230223b733a31353a2261645f70657263656e745f64617465223b4e3b733a343a22676f6f64223b733a313a2230223b733a333a22626164223b733a313a2231223b733a393a2272656e745f74696d65223b733a313a2230223b733a31313a226d61737465725f74696d65223b733a313a2230223b733a393a226c6f636b5f74696d65223b4e3b733a31303a226c6173745f6c6f67696e223b733a31393a22323031372d31322d32372030373a32343a3332223b733a31313a227570646174655f74696d65223b733a31393a22323031372d31322d32372031353a32343a3332223b733a31313a226372656174655f74696d65223b733a31393a22323031372d31312d30342031373a30303a3038223b7d), ('i5jdo1dlq836fv0r3ktscni1bj0ijo70', '127.0.0.1', '1514553438', 0x5f5f63695f6c6173745f726567656e65726174657c693a313531343535333433383b69734c6f676765647c623a313b7569647c733a313a2235223b70726f66696c657c613a32353a7b733a333a22756964223b733a313a2235223b733a343a226e616d65223b733a343a2265726963223b733a383a226e69636b6e616d65223b733a343a226e657731223b733a383a22757365726e616d65223b733a31383a22657269636b6b706b40676d61696c2e636f6d223b733a383a2270617373776f7264223b733a33323a226230626165653964323739643334666131646664373161616462393038633366223b733a333a22736578223b733a313a2231223b733a393a2269645f6e756d626572223b733a31303a2261393835363633323233223b733a31323a2270686f6e655f6e756d626572223b733a31303a2230393830393130363431223b733a373a2261646472657373223b733a393a22e5a4a9e9be8de59c8b223b733a373a226c696e655f6964223b733a343a2273646665223b733a363a22737461747573223b733a313a2230223b733a31313a22656d61696c5f76616c6964223b733a313a2231223b733a31313a2270686f6e655f76616c6964223b733a313a2231223b733a31373a226372656469745f636172645f76616c6964223b733a313a2231223b733a31313a2272656e745f6d6173746572223b733a313a2231223b733a31303a2261645f70657263656e74223b733a313a2230223b733a31353a2261645f70657263656e745f64617465223b4e3b733a343a22676f6f64223b733a313a2230223b733a333a22626164223b733a313a2231223b733a393a2272656e745f74696d65223b733a313a2230223b733a31313a226d61737465725f74696d65223b733a313a2230223b733a393a226c6f636b5f74696d65223b4e3b733a31303a226c6173745f6c6f67696e223b733a31393a22323031372d31322d32372030373a32343a3332223b733a31313a227570646174655f74696d65223b733a31393a22323031372d31322d32372031353a32343a3332223b733a31313a226372656174655f74696d65223b733a31393a22323031372d31312d30342031373a30303a3038223b7d), ('0qotj602hc8trucvi6314ocl7fndlkc3', '127.0.0.1', '1514552272', 0x5f5f63695f6c6173745f726567656e65726174657c693a313531343535323236363b6169647c733a313a2231223b6769647c733a313a2231223b7069637c733a33363a2262333733633433633932386633626364323637616535333239613530633764612e6a7067223b6e616d657c733a353a2261646d696e223b), ('hnon1rpiba4fr0es3ge1daivpp9qknbm', '127.0.0.1', '1514552604', 0x5f5f63695f6c6173745f726567656e65726174657c693a313531343535323630343b69734c6f676765647c623a313b7569647c733a313a2235223b70726f66696c657c613a32353a7b733a333a22756964223b733a313a2235223b733a343a226e616d65223b733a343a2265726963223b733a383a226e69636b6e616d65223b733a343a226e657731223b733a383a22757365726e616d65223b733a31383a22657269636b6b706b40676d61696c2e636f6d223b733a383a2270617373776f7264223b733a33323a226230626165653964323739643334666131646664373161616462393038633366223b733a333a22736578223b733a313a2231223b733a393a2269645f6e756d626572223b733a31303a2261393835363633323233223b733a31323a2270686f6e655f6e756d626572223b733a31303a2230393830393130363431223b733a373a2261646472657373223b733a393a22e5a4a9e9be8de59c8b223b733a373a226c696e655f6964223b733a343a2273646665223b733a363a22737461747573223b733a313a2230223b733a31313a22656d61696c5f76616c6964223b733a313a2231223b733a31313a2270686f6e655f76616c6964223b733a313a2231223b733a31373a226372656469745f636172645f76616c6964223b733a313a2231223b733a31313a2272656e745f6d6173746572223b733a313a2231223b733a31303a2261645f70657263656e74223b733a313a2230223b733a31353a2261645f70657263656e745f64617465223b4e3b733a343a22676f6f64223b733a313a2230223b733a333a22626164223b733a313a2231223b733a393a2272656e745f74696d65223b733a313a2230223b733a31313a226d61737465725f74696d65223b733a313a2230223b733a393a226c6f636b5f74696d65223b4e3b733a31303a226c6173745f6c6f67696e223b733a31393a22323031372d31322d32372030373a32343a3332223b733a31313a227570646174655f74696d65223b733a31393a22323031372d31322d32372031353a32343a3332223b733a31313a226372656174655f74696d65223b733a31393a22323031372d31312d30342031373a30303a3038223b7d), ('vbpd3ai3s94h9gpfr5b49b9e28lacchb', '127.0.0.1', '1514552266', 0x5f5f63695f6c6173745f726567656e65726174657c693a313531343535323236363b6169647c733a313a2231223b6769647c733a313a2231223b7069637c733a33363a2262333733633433633932386633626364323637616535333239613530633764612e6a7067223b6e616d657c733a353a2261646d696e223b), ('tumt9rr9ejb3kdqekpsp75eohnr76kks', '127.0.0.1', '1514550368', 0x5f5f63695f6c6173745f726567656e65726174657c693a313531343535303336383b6169647c733a313a2231223b6769647c733a313a2231223b7069637c733a33363a2262333733633433633932386633626364323637616535333239613530633764612e6a7067223b6e616d657c733a353a2261646d696e223b), ('ggs4trcjbp21dc0s3flgt13cqb8got6a', '127.0.0.1', '1514551993', 0x5f5f63695f6c6173745f726567656e65726174657c693a313531343535313939333b69734c6f676765647c623a313b7569647c733a313a2235223b70726f66696c657c613a32353a7b733a333a22756964223b733a313a2235223b733a343a226e616d65223b733a343a2265726963223b733a383a226e69636b6e616d65223b733a343a226e657731223b733a383a22757365726e616d65223b733a31383a22657269636b6b706b40676d61696c2e636f6d223b733a383a2270617373776f7264223b733a33323a226230626165653964323739643334666131646664373161616462393038633366223b733a333a22736578223b733a313a2231223b733a393a2269645f6e756d626572223b733a31303a2261393835363633323233223b733a31323a2270686f6e655f6e756d626572223b733a31303a2230393830393130363431223b733a373a2261646472657373223b733a393a22e5a4a9e9be8de59c8b223b733a373a226c696e655f6964223b733a343a2273646665223b733a363a22737461747573223b733a313a2230223b733a31313a22656d61696c5f76616c6964223b733a313a2231223b733a31313a2270686f6e655f76616c6964223b733a313a2231223b733a31373a226372656469745f636172645f76616c6964223b733a313a2231223b733a31313a2272656e745f6d6173746572223b733a313a2231223b733a31303a2261645f70657263656e74223b733a313a2230223b733a31353a2261645f70657263656e745f64617465223b4e3b733a343a22676f6f64223b733a313a2230223b733a333a22626164223b733a313a2231223b733a393a2272656e745f74696d65223b733a313a2230223b733a31313a226d61737465725f74696d65223b733a313a2230223b733a393a226c6f636b5f74696d65223b4e3b733a31303a226c6173745f6c6f67696e223b733a31393a22323031372d31322d32372030373a32343a3332223b733a31313a227570646174655f74696d65223b733a31393a22323031372d31322d32372031353a32343a3332223b733a31313a226372656174655f74696d65223b733a31393a22323031372d31312d30342031373a30303a3038223b7d), ('9krk73olkc56rtt6uui4urufd20r0ius', '127.0.0.1', '1514549809', 0x5f5f63695f6c6173745f726567656e65726174657c693a313531343534393830393b69734c6f676765647c623a313b7569647c733a313a2235223b70726f66696c657c613a32353a7b733a333a22756964223b733a313a2235223b733a343a226e616d65223b733a343a2265726963223b733a383a226e69636b6e616d65223b733a343a226e657731223b733a383a22757365726e616d65223b733a31383a22657269636b6b706b40676d61696c2e636f6d223b733a383a2270617373776f7264223b733a33323a226230626165653964323739643334666131646664373161616462393038633366223b733a333a22736578223b733a313a2231223b733a393a2269645f6e756d626572223b733a31303a2261393835363633323233223b733a31323a2270686f6e655f6e756d626572223b733a31303a2230393830393130363431223b733a373a2261646472657373223b733a393a22e5a4a9e9be8de59c8b223b733a373a226c696e655f6964223b733a343a2273646665223b733a363a22737461747573223b733a313a2230223b733a31313a22656d61696c5f76616c6964223b733a313a2231223b733a31313a2270686f6e655f76616c6964223b733a313a2231223b733a31373a226372656469745f636172645f76616c6964223b733a313a2231223b733a31313a2272656e745f6d6173746572223b733a313a2231223b733a31303a2261645f70657263656e74223b733a313a2230223b733a31353a2261645f70657263656e745f64617465223b4e3b733a343a22676f6f64223b733a313a2230223b733a333a22626164223b733a313a2231223b733a393a2272656e745f74696d65223b733a313a2230223b733a31313a226d61737465725f74696d65223b733a313a2230223b733a393a226c6f636b5f74696d65223b4e3b733a31303a226c6173745f6c6f67696e223b733a31393a22323031372d31322d32372030373a32343a3332223b733a31313a227570646174655f74696d65223b733a31393a22323031372d31322d32372031353a32343a3332223b733a31313a226372656174655f74696d65223b733a31393a22323031372d31312d30342031373a30303a3038223b7d), ('jdu5333s6gb8vmnmv1a92hqlj6au4ft2', '127.0.0.1', '1514359476', 0x5f5f63695f6c6173745f726567656e65726174657c693a313531343335393233303b7569647c733a313a2235223b69734c6f676765647c623a313b70726f66696c657c613a32353a7b733a333a22756964223b733a313a2235223b733a343a226e616d65223b733a343a2265726963223b733a383a226e69636b6e616d65223b733a343a226e657731223b733a383a22757365726e616d65223b733a31383a22657269636b6b706b40676d61696c2e636f6d223b733a383a2270617373776f7264223b733a33323a226230626165653964323739643334666131646664373161616462393038633366223b733a333a22736578223b733a313a2231223b733a393a2269645f6e756d626572223b733a31303a2261393835363633323233223b733a31323a2270686f6e655f6e756d626572223b733a31303a2230393830393130363431223b733a373a2261646472657373223b733a393a22e5a4a9e9be8de59c8b223b733a373a226c696e655f6964223b733a343a2273646665223b733a363a22737461747573223b733a313a2230223b733a31313a22656d61696c5f76616c6964223b733a313a2231223b733a31313a2270686f6e655f76616c6964223b733a313a2231223b733a31373a226372656469745f636172645f76616c6964223b733a313a2231223b733a31313a2272656e745f6d6173746572223b733a313a2231223b733a31303a2261645f70657263656e74223b733a313a2230223b733a31353a2261645f70657263656e745f64617465223b4e3b733a343a22676f6f64223b733a313a2230223b733a333a22626164223b733a313a2231223b733a393a2272656e745f74696d65223b733a313a2230223b733a31313a226d61737465725f74696d65223b733a313a2230223b733a393a226c6f636b5f74696d65223b4e3b733a31303a226c6173745f6c6f67696e223b733a31393a22323031372d31322d32372030373a31303a3230223b733a31313a227570646174655f74696d65223b733a31393a22323031372d31322d32372031353a31303a3230223b733a31313a226372656174655f74696d65223b733a31393a22323031372d31312d30342031373a30303a3038223b7d), ('4qim4fqgebd98iajb2s771folvrrc7aa', '127.0.0.1', '1514352277', 0x5f5f63695f6c6173745f726567656e65726174657c693a313531343335323237373b6169647c733a313a2231223b6769647c733a313a2231223b7069637c733a33363a2262333733633433633932386633626364323637616535333239613530633764612e6a7067223b6e616d657c733a353a2261646d696e223b), ('nq0d58k70njr2127ppsj0paekj0joq5k', '127.0.0.1', '1514352990', 0x5f5f63695f6c6173745f726567656e65726174657c693a313531343335323939303b6169647c733a313a2231223b6769647c733a313a2231223b7069637c733a33363a2262333733633433633932386633626364323637616535333239613530633764612e6a7067223b6e616d657c733a353a2261646d696e223b), ('sun49ocsdqacdi5p1om54av9eiih01j4', '127.0.0.1', '1514353293', 0x5f5f63695f6c6173745f726567656e65726174657c693a313531343335333239333b6169647c733a313a2231223b6769647c733a313a2231223b7069637c733a33363a2262333733633433633932386633626364323637616535333239613530633764612e6a7067223b6e616d657c733a353a2261646d696e223b), ('tpg5euonbgfak31cobi0h8o1v5n1acnk', '127.0.0.1', '1514353621', 0x5f5f63695f6c6173745f726567656e65726174657c693a313531343335333632313b6169647c733a313a2231223b6769647c733a313a2231223b7069637c733a33363a2262333733633433633932386633626364323637616535333239613530633764612e6a7067223b6e616d657c733a353a2261646d696e223b), ('jp4s5163ff0og37jdimnd0s5djejng18', '127.0.0.1', '1514354075', 0x5f5f63695f6c6173745f726567656e65726174657c693a313531343335343037353b), ('hpcll5n6shc32mu4r38sr323dpabp41u', '127.0.0.1', '1514354194', 0x5f5f63695f6c6173745f726567656e65726174657c693a313531343335343139343b6169647c733a313a2231223b6769647c733a313a2231223b7069637c733a33363a2262333733633433633932386633626364323637616535333239613530633764612e6a7067223b6e616d657c733a353a2261646d696e223b), ('ge445jdo8k6v9p1os139n8fbc4hl3tii', '127.0.0.1', '1514354578', 0x5f5f63695f6c6173745f726567656e65726174657c693a313531343335343537383b), ('1tv3o526p925joskjmfv93merdjtolk4', '127.0.0.1', '1514354531', 0x5f5f63695f6c6173745f726567656e65726174657c693a313531343335343533313b6169647c733a313a2231223b6769647c733a313a2231223b7069637c733a33363a2262333733633433633932386633626364323637616535333239613530633764612e6a7067223b6e616d657c733a353a2261646d696e223b), ('3oah9a559hcmdp2h9faaspiphj49haav', '127.0.0.1', '1514354849', 0x5f5f63695f6c6173745f726567656e65726174657c693a313531343335343834393b6169647c733a313a2231223b6769647c733a313a2231223b7069637c733a33363a2262333733633433633932386633626364323637616535333239613530633764612e6a7067223b6e616d657c733a353a2261646d696e223b), ('anth6egh20bdik4q68oga9ucamvi51av', '127.0.0.1', '1514355088', 0x5f5f63695f6c6173745f726567656e65726174657c693a313531343335353038383b), ('up6e85ookr47snv8jjs0rrhsaln447n0', '127.0.0.1', '1514355106', 0x5f5f63695f6c6173745f726567656e65726174657c693a313531343335343834393b6169647c733a313a2231223b6769647c733a313a2231223b7069637c733a33363a2262333733633433633932386633626364323637616535333239613530633764612e6a7067223b6e616d657c733a353a2261646d696e223b), ('r3t0vi2n53ivgcq9r10hb10vk53aua05', '127.0.0.1', '1514357610', 0x5f5f63695f6c6173745f726567656e65726174657c693a313531343335373631303b), ('d1thr4gseti567fp8bjfe0kfh2d7mnld', '127.0.0.1', '1514358611', 0x5f5f63695f6c6173745f726567656e65726174657c693a313531343335383631313b), ('8l6bst6hn3c741n2argnt3jle3a0entt', '127.0.0.1', '1514358912', 0x5f5f63695f6c6173745f726567656e65726174657c693a313531343335383931323b69734c6f676765647c623a313b7569647c733a313a2235223b70726f66696c657c613a32353a7b733a333a22756964223b733a313a2235223b733a343a226e616d65223b733a343a2265726963223b733a383a226e69636b6e616d65223b733a343a226e657731223b733a383a22757365726e616d65223b733a31383a22657269636b6b706b40676d61696c2e636f6d223b733a383a2270617373776f7264223b733a33323a226230626165653964323739643334666131646664373161616462393038633366223b733a333a22736578223b733a313a2231223b733a393a2269645f6e756d626572223b733a31303a2261393835363633323233223b733a31323a2270686f6e655f6e756d626572223b733a31303a2230393830393130363431223b733a373a2261646472657373223b733a393a22e5a4a9e9be8de59c8b223b733a373a226c696e655f6964223b733a343a2273646665223b733a363a22737461747573223b733a313a2230223b733a31313a22656d61696c5f76616c6964223b733a313a2231223b733a31313a2270686f6e655f76616c6964223b733a313a2231223b733a31373a226372656469745f636172645f76616c6964223b733a313a2231223b733a31313a2272656e745f6d6173746572223b733a313a2231223b733a31303a2261645f70657263656e74223b733a313a2230223b733a31353a2261645f70657263656e745f64617465223b4e3b733a343a22676f6f64223b733a313a2230223b733a333a22626164223b733a313a2231223b733a393a2272656e745f74696d65223b733a313a2230223b733a31313a226d61737465725f74696d65223b733a313a2230223b733a393a226c6f636b5f74696d65223b4e3b733a31303a226c6173745f6c6f67696e223b733a31393a22323031372d31322d31392031373a32303a3535223b733a31313a227570646174655f74696d65223b733a31393a22323031372d31322d32302030303a32303a3535223b733a31313a226372656174655f74696d65223b733a31393a22323031372d31312d30342031373a30303a3038223b7d), ('1ft1rihjhsl4c2d99t94db5dk5pikt6u', '127.0.0.1', '1514359230', 0x5f5f63695f6c6173745f726567656e65726174657c693a313531343335393233303b69734c6f676765647c623a313b7569647c733a313a2235223b70726f66696c657c613a32353a7b733a333a22756964223b733a313a2235223b733a343a226e616d65223b733a343a2265726963223b733a383a226e69636b6e616d65223b733a343a226e657731223b733a383a22757365726e616d65223b733a31383a22657269636b6b706b40676d61696c2e636f6d223b733a383a2270617373776f7264223b733a33323a226230626165653964323739643334666131646664373161616462393038633366223b733a333a22736578223b733a313a2231223b733a393a2269645f6e756d626572223b733a31303a2261393835363633323233223b733a31323a2270686f6e655f6e756d626572223b733a31303a2230393830393130363431223b733a373a2261646472657373223b733a393a22e5a4a9e9be8de59c8b223b733a373a226c696e655f6964223b733a343a2273646665223b733a363a22737461747573223b733a313a2230223b733a31313a22656d61696c5f76616c6964223b733a313a2231223b733a31313a2270686f6e655f76616c6964223b733a313a2231223b733a31373a226372656469745f636172645f76616c6964223b733a313a2231223b733a31313a2272656e745f6d6173746572223b733a313a2231223b733a31303a2261645f70657263656e74223b733a313a2230223b733a31353a2261645f70657263656e745f64617465223b4e3b733a343a22676f6f64223b733a313a2230223b733a333a22626164223b733a313a2231223b733a393a2272656e745f74696d65223b733a313a2230223b733a31313a226d61737465725f74696d65223b733a313a2230223b733a393a226c6f636b5f74696d65223b4e3b733a31303a226c6173745f6c6f67696e223b733a31393a22323031372d31322d31392031373a32303a3535223b733a31313a227570646174655f74696d65223b733a31393a22323031372d31322d32302030303a32303a3535223b733a31313a226372656174655f74696d65223b733a31393a22323031372d31312d30342031373a30303a3038223b7d);
COMMIT;

-- ----------------------------
--  Table structure for `city`
-- ----------------------------
DROP TABLE IF EXISTS `city`;
CREATE TABLE `city` (
	`ct_id` int(11) NOT NULL AUTO_INCREMENT,
	`name` varchar(20) DEFAULT NULL,
	`cid` int(11) DEFAULT NULL,
	PRIMARY KEY (`ct_id`)
) ENGINE=`InnoDB` AUTO_INCREMENT=369 DEFAULT CHARACTER SET utf8 COLLATE utf8_general_ci ROW_FORMAT=COMPACT CHECKSUM=0 DELAY_KEY_WRITE=0;

-- ----------------------------
--  Records of `city`
-- ----------------------------
BEGIN;
INSERT INTO `city` VALUES ('1', '松山區', '1'), ('2', '大安區', '1'), ('3', '大同區', '1'), ('4', '中山區', '1'), ('5', '內湖區', '1'), ('6', '南港區', '1'), ('7', '士林區', '1'), ('8', '北投區', '1'), ('9', '信義區', '1'), ('10', '中正區', '1'), ('11', '萬華區', '1'), ('12', '文山區', '1'), ('13', '鹽埕區', '2'), ('14', '鼓山區', '2'), ('15', '左營區', '2'), ('16', '楠梓區', '2'), ('17', '三民區', '2'), ('18', '新興區', '2'), ('19', '前金區', '2'), ('20', '苓雅區', '2'), ('21', '前鎮區', '2'), ('22', '旗津區', '2'), ('23', '小港區', '2'), ('24', '鳳山區', '2'), ('25', '岡山區', '2'), ('26', '旗山區', '2'), ('27', '美濃區', '2'), ('28', '林園區', '2'), ('29', '大寮區', '2'), ('30', '大樹區', '2'), ('31', '仁武區', '2'), ('32', '大社區', '2'), ('33', '鳥松區', '2'), ('34', '橋頭區', '2'), ('35', '燕巢區', '2'), ('36', '田寮區', '2'), ('37', '阿蓮區', '2'), ('38', '路竹區', '2'), ('39', '湖內區', '2'), ('40', '茄萣區', '2'), ('41', '永安區', '2'), ('42', '彌陀區', '2'), ('43', '梓官區', '2'), ('44', '六龜區', '2'), ('45', '甲仙區', '2'), ('46', '杉林區', '2'), ('47', '內門區', '2'), ('48', '茂林區', '2'), ('49', '桃源區', '2'), ('50', '三民區', '2'), ('51', '板橋區', '3'), ('52', '三重區', '3'), ('53', '永和區', '3'), ('54', '中和區', '3'), ('55', '新莊區', '3'), ('56', '新店區', '3'), ('57', '鶯歌區', '3'), ('58', '三峽區', '3'), ('59', '淡水區', '3'), ('60', '瑞芳區', '3'), ('61', '五股區', '3'), ('62', '泰山區', '3'), ('63', '林口區', '3'), ('64', '深坑區', '3'), ('65', '石碇區', '3'), ('66', '坪林區', '3'), ('67', '三芝區', '3'), ('68', '石門區', '3'), ('69', '八里區', '3'), ('70', '平溪區', '3'), ('71', '雙溪區', '3'), ('72', '貢寮區', '3'), ('73', '金山區', '3'), ('74', '萬里區', '3'), ('75', '烏來區', '3'), ('76', '土城區', '3'), ('77', '蘆洲區', '3'), ('78', '汐止區', '3'), ('79', '樹林區', '3'), ('80', '宜蘭市', '4'), ('81', '羅東鎮', '4'), ('82', '蘇澳鎮', '4'), ('83', '頭城鎮', '4'), ('84', '礁溪鎮', '4'), ('85', '壯圍鄉', '4'), ('86', '員山鄉', '4'), ('87', '冬山鄉', '4'), ('88', '五結鄉', '4'), ('89', '三星鄉', '4'), ('90', '大同鄉', '4'), ('91', '南澳鄉', '4'), ('92', '桃園市', '5'), ('93', '中壢市', '5'), ('94', '大溪鎮', '5'), ('95', '楊梅鎮', '5'), ('96', '蘆竹鄉', '5'), ('97', '大園鄉', '5'), ('98', '龜山鄉', '5'), ('99', '龍潭鄉', '5'), ('100', '新屋鄉', '5'), ('101', '觀音鄉', '5'), ('102', '復興鄉', '5'), ('103', '平鎮市', '5'), ('104', '八德市', '5'), ('105', '竹北市', '6'), ('106', '關西鎮', '6'), ('107', '新埔鎮', '6'), ('108', '竹東鎮', '6'), ('109', '湖口鄉', '6'), ('110', '橫山鄉', '6'), ('111', '新豐鄉', '6'), ('112', '芎林鄉', '6'), ('113', '寶山鄉', '6'), ('114', '北埔鄉', '6'), ('115', '峨眉鄉', '6'), ('116', '尖石鄉', '6'), ('117', '五峰鄉', '6'), ('118', '苗栗市', '7'), ('119', '苑裡鎮', '7'), ('120', '通宵鎮', '7'), ('121', '竹南鎮', '7'), ('122', '頭份鎮', '7'), ('123', '後龍鎮', '7'), ('124', '卓蘭鎮', '7'), ('125', '大湖鄉', '7'), ('126', '公館鄉', '7'), ('127', '銅鑼鄉', '7'), ('128', '南庄鄉', '7'), ('129', '頭屋鄉', '7'), ('130', '三義鄉', '7'), ('131', '西湖鄉', '7'), ('132', '造橋鄉', '7'), ('133', '三灣鄉', '7'), ('134', '獅潭鄉', '7'), ('135', '泰安鄉', '7'), ('136', '彰化市', '9'), ('137', '鹿港鎮', '9'), ('138', '和美鎮', '9'), ('139', '北斗鎮', '9'), ('140', '員林鎮', '9'), ('141', '溪湖鎮', '9'), ('142', '田中鎮', '9'), ('143', '二林鎮', '9'), ('144', '線西鄉', '9'), ('145', '伸港鄉', '9'), ('146', '福興鄉', '9'), ('147', '秀水鄉', '9'), ('148', '花壇鄉', '9'), ('149', '芬園鄉', '9'), ('150', '大村鄉', '9'), ('151', '埔鹽鄉', '9'), ('152', '埔心鄉', '9'), ('153', '永靖鄉', '9'), ('154', '社頭鄉', '9'), ('155', '二水鄉', '9'), ('156', '田尾鄉', '9'), ('157', '埤頭鄉', '9'), ('158', '芳苑鄉', '9'), ('159', '大城鄉', '9'), ('160', '竹塘鄉', '9'), ('161', '溪州鄉', '9'), ('162', '南投市', '10'), ('163', '埔里鎮', '10'), ('164', '草屯鎮', '10'), ('165', '竹山鎮', '10'), ('166', '集集鎮', '10'), ('167', '名間鄉', '10'), ('168', '鹿谷鄉', '10'), ('169', '中寮鄉', '10'), ('170', '魚池鄉', '10'), ('171', '國姓鄉', '10'), ('172', '水里鄉', '10'), ('173', '信義鄉', '10'), ('174', '仁愛鄉', '10'), ('175', '斗六市', '11'), ('176', '斗南鎮', '11'), ('177', '虎尾鎮', '11'), ('178', '西螺鎮', '11'), ('179', '土庫鎮', '11'), ('180', '北港鎮', '11'), ('181', '古坑鄉', '11'), ('182', '大埤鄉', '11'), ('183', '莿桐鄉', '11'), ('184', '林內鄉', '11'), ('185', '二崙鄉', '11'), ('186', '崙背鄉', '11'), ('187', '麥寮鄉', '11'), ('188', '東勢鄉', '11'), ('189', '褒忠鄉', '11'), ('190', '台西鄉', '11'), ('191', '元長鄉', '11'), ('192', '四湖鄉', '11'), ('193', '口湖鄉', '11'), ('194', '水林鄉', '11'), ('195', '太保市', '12'), ('196', '大林鎮', '12'), ('197', '民雄鄉', '12'), ('198', '溪口鄉', '12'), ('199', '新港鄉', '12'), ('200', '六腳鄉', '12'), ('201', '東石鄉', '12'), ('202', '義竹鄉', '12'), ('203', '鹿草鄉', '12'), ('204', '水上鄉', '12'), ('205', '中埔鄉', '12'), ('206', '竹崎鄉', '12'), ('207', '梅山鄉', '12'), ('208', '番路鄉', '12'), ('209', '大埔鄉', '12'), ('210', '布袋鎮', '12'), ('211', '朴子市', '12'), ('212', '阿里山鄉', '12'), ('213', '屏東市', '15'), ('214', '潮州鎮', '15'), ('215', '東港鎮', '15'), ('216', '恆春鎮', '15'), ('217', '萬丹鄉', '15'), ('218', '長治鄉', '15'), ('219', '麟洛鄉', '15'), ('220', '九如鄉', '15'), ('221', '里港鄉', '15'), ('222', '鹽埔鄉', '15'), ('223', '高樹鄉', '15'), ('224', '萬巒鄉', '15'), ('225', '內埔鄉', '15'), ('226', '竹田鄉', '15'), ('227', '新埤鄉', '15'), ('228', '枋寮鄉', '15'), ('229', '新園鄉', '15'), ('230', '崁頂鄉', '15'), ('231', '林邊鄉', '15'), ('232', '南州鄉', '15'), ('233', '佳冬鄉', '15'), ('234', '琉球鄉', '15'), ('235', '車城鄉', '15'), ('236', '滿州鄉', '15'), ('237', '枋山鄉', '15'), ('238', '霧台鄉', '15'), ('239', '瑪家鄉', '15'), ('240', '泰武鄉', '15'), ('241', '來義鄉', '15'), ('242', '春日鄉', '15'), ('243', '獅子鄉', '15'), ('244', '牡丹鄉', '15'), ('245', '三地門鄉', '15'), ('246', '台東市', '16'), ('247', '成功鎮', '16'), ('248', '關山鎮', '16'), ('249', '卑南鄉', '16'), ('250', '大武鄉', '16'), ('251', '東河鄉', '16'), ('252', '長濱鄉', '16'), ('253', '鹿野鄉', '16'), ('254', '池上鄉', '16'), ('255', '綠島鄉', '16'), ('256', '延平鄉', '16'), ('257', '海端鄉', '16'), ('258', '達仁鄉', '16'), ('259', '金峰鄉', '16'), ('260', '蘭嶼鄉', '16'), ('261', '太麻里鄉', '16'), ('262', '花蓮市', '17'), ('263', '鳳林鎮', '17'), ('264', '玉里鎮', '17'), ('265', '新城鄉', '17'), ('266', '吉安鄉', '17'), ('267', '壽豐鄉', '17'), ('268', '光復鄉', '17'), ('269', '豐濱鄉', '17'), ('270', '瑞穗鄉', '17'), ('271', '富里鄉', '17'), ('272', '秀林鄉', '17'), ('273', '卓溪鄉', '17'), ('274', '萬榮鄉', '17'), ('275', '馬公市', '18'), ('276', '湖西鄉', '18'), ('277', '白沙鄉', '18'), ('278', '西嶼鄉', '18'), ('279', '望安鄉', '18'), ('280', '七美鄉', '18'), ('281', '金城鎮', '19'), ('282', '金湖鎮', '19'), ('283', '金沙鎮', '19'), ('284', '金寧鄉', '19'), ('285', '烈嶼鄉', '19'), ('286', '烏坵鄉', '19'), ('287', '南竿鄉', '20'), ('288', '北竿鄉', '20'), ('289', '莒光鄉', '20'), ('290', '東引鄉', '20'), ('291', '七堵區', '21'), ('292', '中山區', '21'), ('293', '中正區', '21'), ('294', '信義區', '21'), ('295', '仁愛區', '21'), ('296', '安樂區', '21'), ('297', '暖暖區', '21'), ('298', '東區', '22'), ('299', '北區', '22'), ('300', '香山區', '22'), ('301', '西區', '23'), ('302', '北區', '23'), ('303', '中區', '23'), ('304', '東區', '23'), ('305', '南區', '23'), ('306', '南屯區', '23'), ('307', '西屯區', '23'), ('308', '北屯區', '23'), ('309', '豐原區', '23'), ('310', '東勢區', '23'), ('311', '大甲區', '23'), ('312', '清水區', '23'), ('313', '沙鹿區', '23'), ('314', '梧棲區', '23'), ('315', '后里區', '23'), ('316', '神岡區', '23'), ('317', '潭子區', '23'), ('318', '大雅區', '23'), ('319', '新社區', '23'), ('320', '石岡區', '23'), ('321', '外埔區', '23'), ('322', '大安區', '23'), ('323', '烏日區', '23'), ('324', '大肚區', '23'), ('325', '龍井區', '23'), ('326', '霧峰區', '23'), ('327', '和平區', '23'), ('328', '大里區', '23'), ('329', '太平區', '23'), ('330', '西區', '24'), ('331', '東區', '24'), ('332', '南區', '25'), ('333', '中西區', '25'), ('334', '東區', '25'), ('335', '安平區', '25'), ('336', '北區', '25'), ('337', '安南區', '25'), ('338', '新營區', '25'), ('339', '鹽水區', '25'), ('340', '白河區', '25'), ('341', '麻豆區', '25'), ('342', '佳里區', '25'), ('343', '新化區', '25'), ('344', '善化區', '25'), ('345', '學甲區', '25'), ('346', '柳營區', '25'), ('347', '後壁區', '25'), ('348', '東山區', '25'), ('349', '下營區', '25'), ('350', '六甲區', '25'), ('351', '官田區', '25'), ('352', '大內區', '25'), ('353', '西港區', '25'), ('354', '七股區', '25'), ('355', '將軍區', '25'), ('356', '北門區', '25'), ('357', '安定區', '25'), ('358', '楠西區', '25'), ('359', '新市區', '25'), ('360', '山上區', '25'), ('361', '玉井區', '25'), ('362', '南化區', '25'), ('363', '左鎮區', '25'), ('364', '仁德區', '25'), ('365', '歸仁區', '25'), ('366', '關廟區', '25'), ('367', '龍崎區', '25'), ('368', '永康市', '25');
COMMIT;

-- ----------------------------
--  Table structure for `common_setting`
-- ----------------------------
DROP TABLE IF EXISTS `common_setting`;
CREATE TABLE `common_setting` (
	`key` varchar(30) NOT NULL COMMENT '鍵值',
	`value` text DEFAULT NULL COMMENT '值',
	`description` varchar(100) NOT NULL COMMENT '描述',
	PRIMARY KEY (`key`)
) ENGINE=`MyISAM` DEFAULT CHARACTER SET utf8 COLLATE utf8_general_ci ROW_FORMAT=DYNAMIC COMMENT='全域設定' CHECKSUM=0 DELAY_KEY_WRITE=0;

-- ----------------------------
--  Records of `common_setting`
-- ----------------------------
BEGIN;
INSERT INTO `common_setting` VALUES ('ad_percent', '10', '全域廣告趴數'), ('gacode', '111', 'google analytics追蹤碼'), ('gtcode', 'ass', 'google tag manager'), ('index_carousel_second', '5', '首頁輪播秒數'), ('normal_rent', '500', '平日租金'), ('sso_description', '出租傢俱網站!~', '網站描述'), ('sso_keyword', '電電租', '網站關鍵字'), ('weekend_rent', '1000', '週末租金'), ('use_global_ad', '0', '是否以全域廣告趴數為依據'), ('global_ad_date_start', null, '全域廣告趴數起始日'), ('global_ad_date_end', null, '全域廣告趴數結束日');
COMMIT;

-- ----------------------------
--  Table structure for `country`
-- ----------------------------
DROP TABLE IF EXISTS `country`;
CREATE TABLE `country` (
	`cid` int(11) NOT NULL AUTO_INCREMENT COMMENT '縣市',
	`name` varchar(20) DEFAULT NULL COMMENT '名稱',
	PRIMARY KEY (`cid`)
) ENGINE=`MyISAM` AUTO_INCREMENT=29 DEFAULT CHARACTER SET utf8 COLLATE utf8_general_ci ROW_FORMAT=DYNAMIC CHECKSUM=0 DELAY_KEY_WRITE=0;

-- ----------------------------
--  Records of `country`
-- ----------------------------
BEGIN;
INSERT INTO `country` VALUES ('1', '台北市'), ('2', '高雄市'), ('3', '新北市'), ('4', '宜蘭縣'), ('5', '桃園縣'), ('6', '新竹縣'), ('7', '苗栗縣'), ('9', '彰化縣'), ('10', '南投縣'), ('11', '雲林縣'), ('12', '嘉義縣'), ('15', '屏東縣'), ('16', '台東縣'), ('17', '花蓮縣'), ('18', '澎湖縣'), ('19', '金門縣'), ('20', '連江縣'), ('21', '基隆市'), ('22', '新竹市'), ('23', '台中市'), ('24', '嘉義市'), ('25', '台南市');
COMMIT;

-- ----------------------------
--  Table structure for `device_list`
-- ----------------------------
DROP TABLE IF EXISTS `device_list`;
CREATE TABLE `device_list` (
	`device_id` int(11) NOT NULL AUTO_INCREMENT COMMENT '電器編號',
	`uid` int(11) NOT NULL COMMENT '擁有者UID',
	`dt_id` int(10) UNSIGNED NOT NULL DEFAULT '0' COMMENT '電器類型ID',
	`bid` int(11) NOT NULL DEFAULT '0' COMMENT '品牌ID',
	`name` varchar(30) NOT NULL COMMENT '電器名稱',
	`accessory` text DEFAULT NULL COMMENT '配件(json)',
	`description` text DEFAULT NULL COMMENT '電器描述',
	`rent` int(11) NOT NULL DEFAULT '0' COMMENT '租金',
	`deposit` int(11) NOT NULL DEFAULT '0' COMMENT '押金',
	`rent_time` int(11) NOT NULL DEFAULT '0' COMMENT '出租次數',
	`status` tinyint(4) NOT NULL DEFAULT '1' COMMENT '租借狀態, 1上架中 0暫停 2出租中',
	`update_time` timestamp NOT NULL ON UPDATE CURRENT_TIMESTAMP DEFAULT CURRENT_TIMESTAMP,
	`create_time` timestamp NOT NULL DEFAULT CURRENT_TIMESTAMP,
	PRIMARY KEY (`device_id`),
	INDEX `uid` (uid)
) ENGINE=`InnoDB` AUTO_INCREMENT=12 DEFAULT CHARACTER SET utf8 COLLATE utf8_general_ci ROW_FORMAT=COMPACT COMMENT='用戶電器列表' CHECKSUM=0 DELAY_KEY_WRITE=0;

-- ----------------------------
--  Records of `device_list`
-- ----------------------------
BEGIN;
INSERT INTO `device_list` VALUES ('2', '5', '3', '1', '只是桌子', '[\"4\\u96bb\\u8173\"]', '多功能無敵霹靂厲害桌子', '0', '5000', '7', '1', '2017-11-18 20:36:16', '2017-11-07 21:32:32'), ('3', '5', '1', '1', 'Dyson DC48 吸塵器', '[]', 'Dyson DC48 吸塵器 desc', '0', '5000', '5', '1', '2017-11-20 22:39:54', '2017-11-18 20:01:57'), ('11', '5', '2', '1', '111', '[]', '11', '0', '1', '0', '1', '2017-12-01 23:27:25', '2017-12-01 23:27:25');
COMMIT;

-- ----------------------------
--  Table structure for `device_pic`
-- ----------------------------
DROP TABLE IF EXISTS `device_pic`;
CREATE TABLE `device_pic` (
	`pic_id` int(10) UNSIGNED NOT NULL AUTO_INCREMENT COMMENT '圖片ID',
	`device_id` int(10) UNSIGNED NOT NULL COMMENT '電器編號ID',
	`filename` varchar(255) NOT NULL COMMENT '圖片檔名',
	PRIMARY KEY (`pic_id`),
	INDEX `device` (device_id)
) ENGINE=`InnoDB` AUTO_INCREMENT=79 DEFAULT CHARACTER SET utf8 COLLATE utf8_general_ci ROW_FORMAT=COMPACT CHECKSUM=0 DELAY_KEY_WRITE=0;

-- ----------------------------
--  Records of `device_pic`
-- ----------------------------
BEGIN;
INSERT INTO `device_pic` VALUES ('42', '3', '4603488738d755c638db63e0d60680e1.jpg'), ('75', '2', '860e2e1cc3cce8bd992029ac8cdc18d4.jpg'), ('76', '11', 'dcd7684f2d39ff0235ba20b2fe04f54d.jpg'), ('77', '2', 'c27df666e31d6e483692bb507d539a60.jpg'), ('78', '2', '8521dabfd80fc9e5f969bc6c5860c470.jpg');
COMMIT;

-- ----------------------------
--  Table structure for `device_type_list`
-- ----------------------------
DROP TABLE IF EXISTS `device_type_list`;
CREATE TABLE `device_type_list` (
	`dt_id` int(10) UNSIGNED NOT NULL AUTO_INCREMENT COMMENT '電器類型ID',
	`name` varchar(100) NOT NULL COMMENT '電器類型名稱',
	`update_time` timestamp NOT NULL ON UPDATE CURRENT_TIMESTAMP DEFAULT CURRENT_TIMESTAMP,
	`create_time` timestamp NOT NULL DEFAULT CURRENT_TIMESTAMP,
	PRIMARY KEY (`dt_id`)
) ENGINE=`MyISAM` AUTO_INCREMENT=5 DEFAULT CHARACTER SET utf8 COLLATE utf8_general_ci ROW_FORMAT=DYNAMIC COMMENT='電器類型列表' CHECKSUM=0 DELAY_KEY_WRITE=0;

-- ----------------------------
--  Records of `device_type_list`
-- ----------------------------
BEGIN;
INSERT INTO `device_type_list` VALUES ('1', '吸塵器', '2017-10-31 22:12:07', '2017-10-31 22:12:07'), ('2', '電腦', '2017-10-31 22:12:17', '2017-10-31 22:12:17'), ('3', '桌椅', '2017-10-31 22:12:25', '2017-10-31 22:12:25');
COMMIT;

-- ----------------------------
--  Table structure for `notification_list`
-- ----------------------------
DROP TABLE IF EXISTS `notification_list`;
CREATE TABLE `notification_list` (
	`nid` int(10) UNSIGNED NOT NULL AUTO_INCREMENT COMMENT '通知編號',
	`uid` int(10) UNSIGNED NOT NULL COMMENT '會員ID',
	`content` text NOT NULL COMMENT '通知內容',
	`type` tinyint(4) NOT NULL DEFAULT '0' COMMENT '通知類型, 0租借訊息1出租訊息',
	`id` int(11) DEFAULT NULL COMMENT '租公租借訂單申請的訂單ID',
	`create_time` timestamp NOT NULL DEFAULT CURRENT_TIMESTAMP,
	PRIMARY KEY (`nid`),
	INDEX `notifi` (type, uid)
) ENGINE=`MyISAM` AUTO_INCREMENT=35 DEFAULT CHARACTER SET utf8 COLLATE utf8_general_ci ROW_FORMAT=DYNAMIC COMMENT='系統通知列表' CHECKSUM=0 DELAY_KEY_WRITE=0;

-- ----------------------------
--  Records of `notification_list`
-- ----------------------------
BEGIN;
INSERT INTO `notification_list` VALUES ('1', '5', '有租客想要租借你的 test12 電器囉，交易單號：1', '1', '1', '2017-11-14 22:51:57'), ('2', '5', 'test2', '1', null, '2017-11-15 20:33:18'), ('3', '5', 'test3', '1', null, '2017-11-15 20:33:33'), ('4', '5', 'test4', '1', null, '2017-11-02 20:33:39'), ('5', '5', 'test5', '1', null, '2017-11-09 20:33:51'), ('6', '5', 'test6', '1', null, '2017-11-03 20:37:58'), ('7', '5', 'test7', '1', null, '2017-10-20 20:38:10'), ('8', '5', 'test8', '1', null, '2017-11-03 20:38:25'), ('9', '5', 'test9', '1', null, '2017-11-03 20:38:39'), ('10', '5', 'test10', '1', null, '2017-11-15 20:38:54'), ('11', '6', 'test12 拒絕接單通知, 原因: 看你不爽', '0', null, '2017-11-16 22:16:12'), ('12', '5', '有租客想要租借你的 只是桌子 電器囉，交易單號：2', '1', '2', '2017-11-17 20:42:08'), ('13', '7', 'eric 租公 對 交易單號:2 提出了申訴，如有疑慮請直接聯繫客服人員', '0', null, '2017-11-19 17:07:29'), ('14', '7', 'eric 租公 給 交易單號:2 評價了', '0', null, '2017-11-19 19:37:51'), ('15', '5', '有租客想要租借你的 Dyson DC48 吸塵器 電器囉，交易單號：3', '1', '3', '2017-11-20 21:48:32'), ('17', '7', 'eric 租公同意租借 Dyson DC48 吸塵器電器 通知，交易單號： 3', '0', null, '2017-11-20 22:14:31'), ('18', '7', 'eric 租公同意租借 Dyson DC48 吸塵器 電器，交易單號： 3', '0', null, '2017-11-20 22:39:54'), ('19', '7', 'eric 租公 對 交易單號:2 提出了申訴，如有疑慮請直接聯繫客服人員', '0', null, '2017-11-25 18:19:16'), ('20', '7', 'eric 租公 對 交易單號:2 提出了申訴，如有疑慮請直接聯繫客服人員', '0', null, '2017-11-25 18:22:54'), ('21', '7', 'eric 租公 給 交易單號:2 評價了', '0', null, '2017-11-25 18:44:18'), ('22', '7', 'eric 租公 對 交易單號:2 提出了申訴，如有疑慮請直接聯繫客服人員', '0', null, '2017-11-25 18:44:55'), ('23', '7', 'eric 租公 給 交易單號:2 評價了', '0', null, '2017-11-25 18:49:38'), ('24', '5', '租客 給 交易單號:2 評價了', '1', null, '2017-11-25 18:51:34'), ('25', '7', 'eric 租公 對 交易單號:2 提出了申訴，如有疑慮請直接聯繫客服人員', '0', null, '2017-11-25 18:52:02'), ('26', '7', 'eric 租公 給 交易單號:3 評價了', '0', null, '2017-11-26 16:25:01'), ('27', '5', '租客 給 交易單號:3 評價了', '1', null, '2017-11-26 16:25:58'), ('28', '5', '有租客想要租借你的 只是桌子 電器囉，交易單號：4', '1', '4', '2017-11-27 20:47:32'), ('29', '5', '有租客想要租借你的 Dyson DC48 吸塵器 電器囉，交易單號：5', '1', '5', '2017-11-29 20:50:54'), ('30', '6', '只是桌子 拒絕接單通知, 原因: 臨時無法外借', '0', null, '2017-11-29 20:51:25'), ('31', '6', 'eric 租公 對 交易單號:5 提出了意見反應，如有疑慮請直接聯繫客服人員', '0', null, '2017-12-01 22:13:44'), ('32', '6', '您的租用電器：Dyson DC48 吸塵器 申請已取消。原因： 租公逾時未回覆', '0', null, '2017-12-04 22:47:46'), ('33', '5', '您有一筆租用訊息超過三天未回覆，系統已自動取消該筆交易，如有疑問請洽客服人員', '1', null, '2017-12-04 22:47:46'), ('34', '5', '有租客想要租借你的 只是桌子 電器囉，交易單號：6', '1', '6', '2017-12-29 21:25:29');
COMMIT;

-- ----------------------------
--  Table structure for `question_list`
-- ----------------------------
DROP TABLE IF EXISTS `question_list`;
CREATE TABLE `question_list` (
	`qid` int(10) UNSIGNED NOT NULL AUTO_INCREMENT COMMENT '常見問題ID',
	`title` varchar(255) NOT NULL COMMENT '標題',
	`description` text NOT NULL COMMENT '內文',
	`displayorder` int(10) UNSIGNED NOT NULL DEFAULT '1' COMMENT '排序',
	`status` tinyint(3) UNSIGNED NOT NULL DEFAULT '0' COMMENT '狀態, 0停用1啟用',
	`release_time` timestamp NULL DEFAULT NULL COMMENT '發佈時間',
	`update_time` timestamp NOT NULL ON UPDATE CURRENT_TIMESTAMP DEFAULT CURRENT_TIMESTAMP,
	`create_time` timestamp NOT NULL DEFAULT CURRENT_TIMESTAMP,
	PRIMARY KEY (`qid`)
) ENGINE=`MyISAM` AUTO_INCREMENT=6 DEFAULT CHARACTER SET utf8 COLLATE utf8_general_ci ROW_FORMAT=DYNAMIC COMMENT='常見問題列表' CHECKSUM=0 DELAY_KEY_WRITE=0;

-- ----------------------------
--  Records of `question_list`
-- ----------------------------
BEGIN;
INSERT INTO `question_list` VALUES ('1', '什麼家電都能在電電租出租嗎?', '目前平台上以精品家電（例如：Dyson吸塵器、irobot掃地機器人）及有話題性的家電（舒肥機、氣泡水機）為主，您可以提供您要出租的家電給我們審核，審核通過後，我們將為您上架在平台上。\r\n', '1', '1', '2017-12-26 15:38:37', '2017-12-26 23:38:37', '2017-12-26 23:38:37'), ('2', '我要如何成為電租公?', '首先您要上架您的家電在電電租平台，我們提供詳細的線上合約讓租客完成線上合約及完整的電租公養成影音，讓您輕鬆透過閒置家電創造被動收入。', '2', '1', '2017-12-26 16:05:58', '2017-12-27 00:05:58', '2017-12-26 23:40:05'), ('3', '電租公要如何收取租金?', '租金在面交時，由租客直接繳交全額租金給電租公，次月15號前，電電租會mail平台手續費帳單給電租公，同時從電租公加入平台時登入的信用卡扣款。', '3', '1', '2017-12-26 16:05:53', '2017-12-27 00:05:53', '2017-12-26 23:40:21'), ('4', '電租公會跟租客收取押金嗎?', '會的，押金部分也是由電租公在面交時，直接跟租客收取，家電歸還確認後當面退還押金給租客。', '1', '1', '2017-12-26 15:40:34', '2017-12-26 23:40:34', '2017-12-26 23:40:34');
COMMIT;

-- ----------------------------
--  Table structure for `rent_record`
-- ----------------------------
DROP TABLE IF EXISTS `rent_record`;
CREATE TABLE `rent_record` (
	`ur_id` int(11) UNSIGNED NOT NULL AUTO_INCREMENT COMMENT '租借編號',
	`renter_uid` int(11) UNSIGNED NOT NULL COMMENT '租借人UID',
	`device_owner` int(11) UNSIGNED NOT NULL COMMENT '出租人UID',
	`device_id` int(11) UNSIGNED NOT NULL COMMENT '電器編號',
	`tp_id` int(10) UNSIGNED NOT NULL COMMENT '面交點ID',
	`device_name` varchar(30) NOT NULL COMMENT '電器名稱',
	`device_accessory` text NOT NULL COMMENT '配件(json字串)',
	`rent` int(11) UNSIGNED NOT NULL DEFAULT '0' COMMENT '租金',
	`deposit` int(11) UNSIGNED NOT NULL DEFAULT '0' COMMENT '押金',
	`adfee` int(10) UNSIGNED NOT NULL DEFAULT '0' COMMENT '廣告費',
	`reward` int(10) UNSIGNED NOT NULL DEFAULT '0' COMMENT '實際獲取金額',
	`status` tinyint(4) NOT NULL DEFAULT '0' COMMENT '交易狀態, 0待接單1租借中2結案3租供未回應(漏單)4租公拒絕5租客取消6租公已接單(預約時間未到)7申訴中8銷單',
	`reason` varchar(255) DEFAULT NULL COMMENT '交易失敗原因',
	`renter_assessment` tinyint(4) NOT NULL DEFAULT '0' COMMENT '租方評價, 1好2不好',
	`owner_assessment` tinyint(4) NOT NULL DEFAULT '0' COMMENT '借方評價, 1好2不好',
	`renter_comment` varchar(255) DEFAULT NULL COMMENT '租方評論',
	`owner_comment` varchar(255) DEFAULT NULL COMMENT '借方評論',
	`start_time` timestamp NOT NULL DEFAULT CURRENT_TIMESTAMP COMMENT '租借起始日',
	`end_time` timestamp NOT NULL DEFAULT CURRENT_TIMESTAMP COMMENT '租借結束日',
	`update_time` timestamp NOT NULL ON UPDATE CURRENT_TIMESTAMP DEFAULT CURRENT_TIMESTAMP COMMENT '更新時間',
	`create_time` timestamp NOT NULL DEFAULT CURRENT_TIMESTAMP COMMENT '創建時間',
	PRIMARY KEY (`ur_id`),
	INDEX `owner_status_count` (device_owner, `status`)
) ENGINE=`MyISAM` AUTO_INCREMENT=7 DEFAULT CHARACTER SET utf8 COLLATE utf8_general_ci ROW_FORMAT=DYNAMIC COMMENT='租借記錄表' CHECKSUM=0 DELAY_KEY_WRITE=0;

-- ----------------------------
--  Records of `rent_record`
-- ----------------------------
BEGIN;
INSERT INTO `rent_record` VALUES ('1', '6', '5', '1', '2', 'test12', '[\"\\u5169\\u96bb\\u8173\",\"sss\"]', '4000', '1000', '400', '3600', '4', '看你不爽', '0', '0', null, null, '2017-11-16 22:16:12', '2017-12-11 00:00:00', '2017-11-16 22:16:12', '2017-11-14 21:46:15'), ('2', '7', '5', '2', '5', '只是桌子', '[\"4\\u96bb\\u8173\"]', '3000', '5000', '300', '2700', '8', null, '1', '1', '6666', '11good', '2017-11-14 00:00:00', '2017-11-17 00:00:00', '2017-11-29 20:59:43', '2017-11-17 20:42:08'), ('3', '7', '5', '3', '4', 'Dyson DC48 吸塵器', '[]', '2500', '5000', '250', '2250', '2', null, '2', '1', '爛', '不錯', '2017-11-21 00:00:00', '2017-11-24 00:00:00', '2017-11-26 16:25:58', '2017-11-20 21:48:32'), ('4', '6', '5', '2', '4', '只是桌子', '[\"4\\u96bb\\u8173\"]', '500', '5000', '50', '450', '4', '臨時無法外借', '0', '0', null, null, '2017-11-28 00:00:00', '2017-12-01 00:00:00', '2017-11-29 20:51:25', '2017-11-27 20:47:32'), ('5', '6', '5', '3', '4', 'Dyson DC48 吸塵器', '[]', '1000', '5000', '100', '900', '3', null, '0', '0', null, null, '2017-12-02 00:00:00', '2017-12-04 00:00:00', '2017-12-04 22:47:46', '2017-11-29 20:50:54'), ('6', '6', '5', '2', '4', '只是桌子', '[\"4\\u96bb\\u8173\"]', '1000', '5000', '100', '900', '5', '時間無法配合', '0', '0', null, null, '2017-12-30 00:00:00', '2018-01-01 00:00:00', '2017-12-29 21:47:40', '2017-12-29 21:25:29');
COMMIT;

-- ----------------------------
--  Table structure for `sms_log`
-- ----------------------------
DROP TABLE IF EXISTS `sms_log`;
CREATE TABLE `sms_log` (
	`bid` varchar(255) NOT NULL COMMENT '唯一識別碼，可藉由本識別碼查詢發送狀態',
	`phone_number` varchar(15) NOT NULL COMMENT '傳送人電話',
	`status` varchar(10) NOT NULL COMMENT '發送狀態',
	`cost` float NOT NULL COMMENT '花費',
	`unsend` int(11) NOT NULL COMMENT '失敗筆數',
	`send_date` timestamp NOT NULL ON UPDATE CURRENT_TIMESTAMP DEFAULT CURRENT_TIMESTAMP,
	PRIMARY KEY (`bid`)
) ENGINE=`MyISAM` DEFAULT CHARACTER SET utf8 COLLATE utf8_general_ci ROW_FORMAT=DYNAMIC CHECKSUM=0 DELAY_KEY_WRITE=0;

-- ----------------------------
--  Records of `sms_log`
-- ----------------------------
BEGIN;
INSERT INTO `sms_log` VALUES ('220478cc-8506-49b2-93b7-2505f651c12e', '0980910641', '100', '1', '0', '2017-11-01 14:56:42'), ('77b6ac9d-aa9d-4095-a661-fe90ab2e230e', '+886980910641', '0\n', '1', '0', '2017-11-01 21:59:07'), ('ea98b711-734d-448e-871c-2ebc3de630d2', '+886980910641', '0\n', '1', '0', '2017-11-04 15:50:22');
COMMIT;

-- ----------------------------
--  Table structure for `static_page`
-- ----------------------------
DROP TABLE IF EXISTS `static_page`;
CREATE TABLE `static_page` (
	`sid` int(10) UNSIGNED NOT NULL AUTO_INCREMENT COMMENT '靜態頁面模板ID',
	`type` int(11) NOT NULL COMMENT '頁面類型, 1租客推薦 2租公滿意 3品牌合作 4服務條款 5隱私權政策 6法律顧問 7關於我們',
	`title` varchar(100) DEFAULT NULL COMMENT '標題',
	`content` text NOT NULL COMMENT '內容',
	`pic` varchar(100) DEFAULT NULL COMMENT '圖片',
	`update_time` timestamp NOT NULL ON UPDATE CURRENT_TIMESTAMP DEFAULT CURRENT_TIMESTAMP,
	`create_time` timestamp NOT NULL DEFAULT CURRENT_TIMESTAMP,
	PRIMARY KEY (`sid`)
) ENGINE=`MyISAM` AUTO_INCREMENT=11 DEFAULT CHARACTER SET utf8 COLLATE utf8_general_ci ROW_FORMAT=DYNAMIC COMMENT='靜態頁面管理' CHECKSUM=0 DELAY_KEY_WRITE=0;

-- ----------------------------
--  Records of `static_page`
-- ----------------------------
BEGIN;
INSERT INTO `static_page` VALUES ('1', '1', '林先生1', '之前看到電視上的廣告，Dyson吸塵器感覺很厲害，但一台價格不便宜，可是想試用看看是不是像廣告說的那麼神，實際試用後，就如我想得到一樣，如果你也有同樣的困擾，但就出一台回去試試看吧! 服務不錯，不會後悔的!', 'e041a173e7c8421e28cb0b87f92d5acf.jpg', '2017-12-26 16:07:50', '2017-12-26 15:59:46'), ('2', '1', '林先生2', '之前看到電視上的廣告，Dyson吸塵器感覺很厲害，但一台價格不便宜，可是想試用看看是不是像廣告說的那麼神，實際試用後，就如我想得到一樣，如果你也有同樣的困擾，但就出一台回去試試看吧! 服務不錯，不會後悔的!', 'd65588e9294cff41ca92ae1ae0d244a4.jpg', '2017-12-26 16:07:44', '2017-12-26 16:07:17'), ('3', '1', 'lu先生', '之前看到電視上的廣告，Dyson吸塵器感覺很厲害，但一台價格不便宜，可是想試用看看是不是像廣告說的那麼神，實際試用後，就如我想得到一樣，如果你也有同樣的困擾，但就出一台回去試試看吧! 服務不錯，不會後悔的!之前看到電視上的廣告，Dyson吸塵器感覺很厲害，但一台價格不便宜，可是想試用看看是不是像廣告說的那麼神，實際試用後，就如我想得到一樣，如果你也有同樣的困擾，但就出一台回去試試看吧! 服務不錯，不會後悔的!', 'f9aa8904b7ab4d01d7ce390cf407fd8e.jpg', '2017-12-26 16:08:40', '2017-12-26 16:08:40'), ('4', '2', 'g先生3', '之前看到電視上的廣告，Dyson吸塵器感覺很厲害，但一台價格不便宜，可是想試用看看是不是像廣告說的那麼神，實際試用後，就如我想得到一樣，如果你也有同樣的困擾，但就出一台回去試試看吧! 服務不錯，不會後悔的!', '92e6f778b5c638bf7816d858615693c2.jpg', '2017-12-26 16:17:32', '2017-12-26 16:16:41'), ('5', '2', '林先生2', '之前看到電視上的廣告，Dyson吸塵器感覺很厲害，但一台價格不便宜，可是想試用看看是不是像廣告說的那麼神，實際試用後，就如我想得到一樣，如果你也有同樣的困擾，但就出一台回去試試看吧! 服務不錯，不會後悔的!', '580b6738bbf61fe915ae19fc0c798630.jpg', '2017-12-26 16:17:51', '2017-12-26 16:17:51'), ('6', '3', null, '<p>部分「服務」可讓您上傳、提交、儲存、傳送或接收內容；您仍保有相關內容中您擁有的智慧財產權。簡而言之，屬於您的依舊是您的。</p>\r\n\r\n<p>當您將內容上載、提交、儲存或傳送到「服務」，或在「服務」接收內容，或透過「服務」進行以上操作時，即表示您授予 Google (及我們的合作夥伴) 全球通用的授權，可使用、代管、儲存、重製、修改、製作衍生作品 (例如翻譯、改編或變更您的內容，使其更加配合我們的「服務」)、傳播、發佈、公開操作、公開展示與散佈這類內容。您於本項授權授予的權利僅限用於營運、宣傳與改善「服務」，以及開發新的服務。即使您停止使用「服務」，本項授權仍持續具有效力 (例如對您先前加到「Google 地圖」之商家資訊的授權)。部分「服務」可讓您存取與移除先前提交至該「服務」的內容。此外，某些「服務」會有條款或設定縮限我們對提交至該類「服務」之內容的使用範圍。請確認您擁有必要權利，可就您提交至「服務」的任何內容授予我們本項授權。</p>\r\n\r\n<p>我們的自動系統會分析您的內容 (包括電子郵件)，以提供與您個人相關的產品功能，例如自訂搜尋結果、個人化廣告，以及垃圾內容與惡意軟體偵測功能。當您使用我們的系統傳送、接收及儲存內容時，系統就會進行分析。</p>\r\n\r\n<p>如果您擁有 Google 帳戶，我們可能會在 Google 的「服務」(包括廣告和其他商業內容) 中顯示您的個人資料名稱和相片，以及您在 Google 或您的 Google 帳戶所連結的第三方應用程式中的動態 (例如 +1、您撰寫的評論以及您發表的留言)。我們會尊重您在 Google 帳戶中選擇的分享或公開程度設定。舉例來說，您可以設定不在廣告中顯示自己的名稱和相片。</p>\r\n\r\n<p>如要進一步瞭解 Google 使用與儲存內容的方式，請參閱相關「服務」的隱私權政策或附加條款。如果您就「服務」提供意見或建議，我們可使用您的意見或建議，對您不負任何義務。</p>\r\n', null, '2017-12-27 13:46:27', '2017-12-27 13:37:40'), ('7', '4', null, '<p>您必須遵守「服務」中向您提供的所有政策。</p>\r\n\r\n<p>請勿濫用「服務」。舉例來說，您不應干擾「服務」運作，亦不得試圖透過我們所提供的介面和操作說明以外的方法存取「服務」。您僅可於法律 (包括適用的出口及再出口管制法律和法規) 允許範圍內使用「服務」。如果您未遵守我們的條款或政策，或是如果我們正在調查疑似違規行為，我們可能會暫停或終止向您提供「服務」。</p>\r\n\r\n<p>使用「服務」並不會將「服務」或您所存取內容的任何智慧財產權授予您。除非相關內容的擁有者同意或法律允許，否則您一律不得使用「服務」中的內容。本條款並未授權您可使用「服務」中所採用的任何品牌標示或標誌。請勿移除、遮蓋或變造「服務」所顯示或隨附顯示的任何法律聲明。</p>\r\n\r\n<p>「服務」中顯示的部分內容並非 Google 所有，這類內容應由其提供實體承擔全部責任。我們可對內容進行審查，以判斷其是否違法或違反 Google 政策，並可移除或拒絕顯示我們合理確信違反 我們政策或法律的內容。不過，這不表示我們一定會對內容進行審查，因此請勿如此認定。</p>\r\n\r\n<p>有關您對「服務」的使用，我們會向您發送服務公告、行政管理訊息和其他資訊；您可取消接收其中某些通訊內容。</p>\r\n\r\n<p>Google 的部分「服務」可以在行動裝置上使用。但請勿在會分散注意力的情況下使用這些「服務」，以免違反交通或安全法規。</p>\r\n', null, '2017-12-27 13:45:15', '2017-12-27 13:42:51'), ('8', '5', null, '<p>Google 的《<a href=\"https://www.google.com/intl/zh-TW/policies/privacy/\">隱私權政策</a>》會說明當您使用「服務」時，我們會如何處理您的個人資料並保護您的隱私權。您使用「服務」，即表示您同意 Google 可依據我們的隱私權政策的規定使用這類資料。</p>\r\n\r\n<p>我們會按照美國《數位千禧年著作權法》所規定的程序，對涉嫌著作權侵權通知做出回應，並終止一再侵權者的帳戶。</p>\r\n\r\n<p>我們會提供相關資訊，協助著作權人在線上管理其智慧財產。如果您認為有人侵犯您的著作權而需要通知我們，可以前往我們的「<a href=\"https://support.google.com/bin/static.py?hl=b5&ts=1114905&page=ts.cs\">說明中心</a>」，瞭解如何提出通知，並查詢 Google 有關通知回應的政策規定。</p>\r\n', null, '2017-12-27 13:45:32', '2017-12-27 13:45:32'), ('9', '6', null, '<p>我們會以商業上合理的技術與注意程度提供「服務」，希望您會盡情使用。但關於「服務」，有些事情我們不予保證。</p>\r\n\r\n<p>除本條款或額外條款中明示規定者外，Google 或其供應商或經銷商均不對「服務」做出任何特定保證。例如，我們不會就「服務」中的內容、「服務」之特定功能及其可靠性、可用性和符合您的需求的能力，做出任何承諾。我們僅以「現狀」提供「服務」。</p>\r\n\r\n<p>部分司法管轄區會規定應提供特定擔保，例如對適銷性、特殊用途適用性及未侵權之默示擔保。凡法律准許時，我們均排除一切擔保責任。</p>\r\n', null, '2017-12-27 13:45:52', '2017-12-27 13:45:52'), ('10', '7', null, '<p style=\"text-align:center\"><span style=\"color:#2ecc71\"><span style=\"font-size:20px\">全國第一個以家電出租共享的平台</span></span></p>\r\n\r\n<p style=\"text-align:center\">&nbsp;</p>\r\n\r\n<p><img alt=\"\" src=\"/images/banners/about-us-founders.jpg\" style=\"float:left; height:233px; width:300px\" /></p>\r\n\r\n<p>電電租，是全國第一個以家電出租共享的平台。由兩位媽媽小米與Judy聯合創立，兩人 於ARK財富方舟公司所開設『自由財務實戰班』結識，為建立被動收入系統，達到財務 自由的目標而一起努力;並集結該班夥伴創立 『家電輕鬆租』實戰小組，自2016年底開 始實際操練，透過自行架站與社區DM宣傳，將家中閒置資產-家電，成功出租賺外快。 歷經將近一年的實戰階段，由起初的10人出租家電小組，到目前將近300人的電租公電 器表，2017年期間並更名為『電電租』(諧音惦惦出租賺外快意涵)創立正式公司，邀請更多人加入電租公婆行列，活化閒置資產，建立被動收入系統，逐步邁向財務自由。 電電租正式成為幫助想出租家電的人與想租借家電的人互相對接的媒合系統平台。 定位在提供給消費社會一個新生活提案:先用小錢使用高級家電，以免買錯浪費。二則，提 高大家資源共享的態度，傳達物資需被充分愛惜與利用的價值，重建人們愛物惜物的簡單生活。</p>\r\n\r\n<h1 style=\"text-align:center\">&nbsp;</h1>\r\n\r\n<h1 style=\"text-align:center\">&nbsp;</h1>\r\n\r\n<h1 style=\"text-align:center\">&nbsp;</h1>\r\n\r\n<h1 style=\"text-align:center\">&nbsp;</h1>\r\n\r\n<p>&nbsp;</p>\r\n\r\n<h1 style=\"text-align:center\"><span style=\"color:#2ecc71\"><span style=\"font-size:22px\">方舟計劃</span></span></h1>\r\n\r\n<p style=\"text-align:center\"><img alt=\"Rich Ark Co., Inc.\" src=\"/images/icons/ark-logo.png\" /></p>\r\n\r\n<p>『方舟計劃』 是 ARK 透過傾聽來自各行各業上班族的需求 ，經過多次調整、精心研擬、整合了非常龐大的學習＆操練的資源，打造出讓每個人『夢想實現、財富自由』的系統，隨著愈來愈多人的加入、成長、見證，方舟計劃仍然持續成長、擴充、整合中 &hellip;</p>\r\n\r\n<p>謝謝每一位帶著愛、帶著信任、帶著夢想、一起創造的學員 方舟計劃，是每個人可以一輩子不斷提昇、愈玩愈大的計劃 方舟計劃，是一群人可以一起去完成更多、更大夢想的計劃 來吧！ 看看我們如何一起在生命中開心的創造～</p>\r\n', null, '2017-12-27 14:11:45', '2017-12-27 13:46:11');
COMMIT;

-- ----------------------------
--  Table structure for `template`
-- ----------------------------
DROP TABLE IF EXISTS `template`;
CREATE TABLE `template` (
	`type` int(10) NOT NULL COMMENT '模板類型, 1=email註冊驗證 2=email忘記密碼 3=email租借申請 4=email租借成功 5=email提醒返還-租客 6=email提醒交易-租客 7=簡訊通知 8=租借失敗 9=email提醒返還-租公 10=email提醒交易-租公',
	`content` text NOT NULL COMMENT '模板內容',
	`update_time` timestamp NOT NULL ON UPDATE CURRENT_TIMESTAMP DEFAULT CURRENT_TIMESTAMP,
	`create_time` timestamp NOT NULL DEFAULT CURRENT_TIMESTAMP COMMENT '建立時間',
	PRIMARY KEY (`type`)
) ENGINE=`MyISAM` DEFAULT CHARACTER SET utf8 COLLATE utf8_general_ci ROW_FORMAT=DYNAMIC COMMENT='email、簡訊模板列表' CHECKSUM=0 DELAY_KEY_WRITE=0;

-- ----------------------------
--  Records of `template`
-- ----------------------------
BEGIN;
INSERT INTO `template` VALUES ('1', '<h1>嗨，{name}：</h1>\n\n<p>我們即將為你啟用帳號，但請先確認這是你的電子郵件地址。</p>\n\n<p>{a}確認地址{/a}</p>\n\n<p>若你不曾建立 電電租 帳號，請直接刪除這封電子郵件，一切回到風平浪靜。</p>\n', '2017-11-02 22:55:17', '2017-11-02 22:55:17'), ('7', '{name} 您好，您的驗證碼：\n{sign}', '2017-11-04 15:51:19', '2017-11-04 15:51:19'), ('2', '<h1>嗨，{name}：</h1>\n\n<p>您的忘記密碼驗證碼: {sign}</p>\n\n<p>若你不曾建立 電電租 帳號，請直接刪除這封電子郵件。</p>\n', '2017-11-12 13:24:18', '2017-11-12 13:24:18'), ('3', '<h1>嗨，{name}：</h1>\n\n<p>您的電器已有人申請租借，請再三天內接單</p>\n\n<p>{a}前往接單{/a}</p>\n\n<p>若你不曾建立 電電租 帳號，請直接刪除這封電子郵件，一切回到風平浪靜。</p>\n', '2017-11-13 22:18:11', '2017-11-13 22:18:11'), ('4', '<p>HI {name}:</p>\n\n<p>租公已接受您的訂單，請在預約的時間到後聯絡租公，以下是您的訂單資訊：</p>\n\n<p>訂單編號：{ur_id}</p>\n\n<p>租借日期：{start_time} ~ {end_time}</p>\n\n<p>電器名稱：{device_name}</p>\n\n<p>出租人：{device_owner_name}</p>\n\n<p>聯絡電話：{phone_number}</p>\n\n<p>配件：{accessory}</p>\n\n<p>面交地點：{placename}</p>\n\n<p>面交地址：{address}</p>\n\n<p>租金：{rent}</p>\n\n<p>押金：{deposit}</p>\n\n<p>費用總計：{total}</p>\n', '2017-11-16 21:53:28', '2017-11-16 21:53:28'), ('8', '<h1>嗨，{name}：</h1>\n\n<p>您的租借請求已被 {device_owner_nickname} 租公 拒絕</p>\n\n<p>拒絕原因：{reason}</p>\n\n<p>若你不曾建立 電電租 帳號，請直接刪除這封電子郵件，一切回到風平浪靜。</p>\n', '2017-11-16 21:32:08', '2017-11-16 21:32:08'), ('6', '<p>HI {name}:</p>\n\n<p>預約的時間即將來到，請記得聯絡租公取得電器，以下是您的訂單資訊：</p>\n\n<p>訂單編號：{ur_id}</p>\n\n<p>租借日期：{start_time} ~ {end_time}</p>\n\n<p>電器名稱：{device_name}</p>\n\n<p>出租人：{device_owner_name}</p>\n\n<p>聯絡電話：{phone_number}</p>\n\n<p>配件：{accessory}</p>\n\n<p>面交地點：{placename}</p>\n\n<p>面交地址：{address}</p>\n\n<p>租金：{rent}</p>\n\n<p>押金：{deposit}</p>\n\n<p>費用總計：{total}</p>\n\n<p> </p>\n', '2017-11-19 01:15:44', '2017-11-19 01:15:44'), ('5', '<p>HI {name}:</p>\n\n<p>電器返還時間即將到期，以下是您的訂單資訊：</p>\n\n<p>訂單編號：{ur_id}</p>\n\n<p>租借日期：{start_time} ~ {end_time}</p>\n\n<p>電器名稱：{device_name}</p>\n\n<p>出租人：{device_owner_name}</p>\n\n<p>聯絡電話：{phone_number}</p>\n\n<p>配件：{accessory}</p>\n\n<p>面交地點：{placename}</p>\n\n<p>面交地址：{address}</p>\n\n<p>應收款項：{deposit}</p>\n\n<p> </p>\n', '2017-11-19 01:16:28', '2017-11-19 01:16:28'), ('9', '<p>HI {name}:</p>\n\n<p>出租的電器返還時間即將到期，請記得聯絡租客取回電器，以下是您的訂單資訊：</p>\n\n<p>訂單編號：{ur_id}</p>\n\n<p>租借日期：{start_time} ~ {end_time}</p>\n\n<p>電器名稱：{device_name}</p>\n\n<p>租客姓名：{renter_name}</p>\n\n<p>聯絡電話：{renter_phone}</p>\n\n<p>配件：{accessory}</p>\n\n<p>面交地點：{placename}</p>\n\n<p>面交地址：{address}</p>\n\n<p>應返回金額：{deposit}</p>\n\n<p> </p>\n', '2017-11-19 01:18:26', '2017-11-19 01:18:26'), ('10', '<p>HI {name}:</p>\n\n<p>電器出租時間即將到了，請記得聯絡租客，以下是您的訂單資訊：</p>\n\n<p>訂單編號：{ur_id}</p>\n\n<p>租借日期：{start_time} ~ {end_time}</p>\n\n<p>電器名稱：{device_name}</p>\n\n<p>租客姓名：{renter_name}</p>\n\n<p>聯絡電話：{renter_phone}</p>\n\n<p>配件：{accessory}</p>\n\n<p>面交地點：{placename}</p>\n\n<p>面交地址：{address}</p>\n\n<p>租金：{rent}</p>\n\n<p>押金：{deposit}</p>\n\n<p>應收款總額：{total}</p>\n\n<p> </p>\n\n<p> </p>\n', '2017-11-19 01:20:18', '2017-11-19 01:20:18');
COMMIT;

-- ----------------------------
--  Table structure for `transaction_log`
-- ----------------------------
DROP TABLE IF EXISTS `transaction_log`;
CREATE TABLE `transaction_log` (
	`id` bigint(20) UNSIGNED NOT NULL AUTO_INCREMENT COMMENT '流水號，提供產生訂單編號',
	`transid` varchar(20) DEFAULT NULL COMMENT '交易編號',
	`tradno` varchar(20) DEFAULT NULL COMMENT '綠界交易編號',
	`ur_id` int(10) UNSIGNED DEFAULT NULL COMMENT '租借編號，非驗證刷卡才有值',
	`uid` int(10) UNSIGNED NOT NULL COMMENT '交易人UID',
	`amount` int(11) NOT NULL COMMENT '金額',
	`rtncode` int(11) DEFAULT NULL COMMENT '綠界回來的交易狀態',
	`rtnmsg` varchar(200) DEFAULT NULL COMMENT '綠界交易訊息',
	`payfee` int(11) NOT NULL DEFAULT '0' COMMENT '交易手續費',
	`is_valid` tinyint(4) NOT NULL DEFAULT '0' COMMENT '是否為驗證信用卡交易，0否,1是,2已退刷',
	`status` tinyint(4) NOT NULL DEFAULT '0' COMMENT '訂單狀態，0未完成1交易完成2交易失敗',
	`update_time` timestamp NULL ON UPDATE CURRENT_TIMESTAMP DEFAULT CURRENT_TIMESTAMP,
	`create_time` timestamp NULL DEFAULT CURRENT_TIMESTAMP COMMENT '訂單建立時間',
	PRIMARY KEY (`id`)
) ENGINE=`InnoDB` AUTO_INCREMENT=16 DEFAULT CHARACTER SET utf8 COLLATE utf8_general_ci ROW_FORMAT=COMPACT COMMENT='金流交易紀錄' CHECKSUM=0 DELAY_KEY_WRITE=0;

-- ----------------------------
--  Records of `transaction_log`
-- ----------------------------
BEGIN;
INSERT INTO `transaction_log` VALUES ('1', 'RPT00000000000000001', null, null, '5', '300', null, null, '0', '0', '0', '2017-11-17 21:24:56', '2017-11-17 21:24:56'), ('2', 'RPT00000000000000002', null, null, '5', '300', null, null, '0', '0', '0', '2017-11-17 21:25:27', '2017-11-17 21:25:27'), ('3', 'RPT00000000000000003', null, '2', '5', '300', null, null, '0', '0', '0', '2017-11-17 21:35:41', '2017-11-17 21:35:41'), ('4', 'RPT00000000000000004', null, '2', '5', '300', null, null, '0', '0', '0', '2017-11-17 21:36:49', '2017-11-17 21:36:49'), ('10', 'RPT00000000000000010', null, '2', '5', '300', null, null, '0', '0', '0', '2017-11-17 21:38:01', '2017-11-17 21:38:01'), ('11', 'RPT00000000000000011', null, '2', '5', '300', null, null, '0', '0', '0', '2017-11-18 14:02:54', '2017-11-18 14:02:54'), ('12', 'RPT00000000000000012', null, '2', '5', '300', null, null, '0', '0', '0', '2017-11-18 14:05:09', '2017-11-18 14:05:09'), ('13', 'RPT00000000000000013', null, '3', '5', '250', null, null, '0', '0', '0', '2017-11-20 21:49:32', '2017-11-20 21:49:32'), ('14', 'RPT00000000000000014', null, '3', '5', '250', null, null, '0', '0', '0', '2017-11-20 21:56:31', '2017-11-20 21:56:31'), ('15', 'RPT00000000000000015', null, '5', '5', '100', null, null, '0', '0', '0', '2017-11-29 20:51:40', '2017-11-29 20:51:40');
COMMIT;

-- ----------------------------
--  Table structure for `transaction_place`
-- ----------------------------
DROP TABLE IF EXISTS `transaction_place`;
CREATE TABLE `transaction_place` (
	`tp_id` int(11) NOT NULL AUTO_INCREMENT COMMENT '面交點ID',
	`uid` int(11) NOT NULL COMMENT '用戶ID',
	`cid` int(10) UNSIGNED NOT NULL COMMENT '城市ID',
	`ct_id` int(10) UNSIGNED NOT NULL COMMENT '區域ID',
	`placename` varchar(50) NOT NULL COMMENT '面交點名稱',
	`address` varchar(255) NOT NULL COMMENT '面交點地址',
	`usetimes` int(11) NOT NULL DEFAULT '0' COMMENT '被使用次數',
	`update_time` timestamp NOT NULL ON UPDATE CURRENT_TIMESTAMP DEFAULT CURRENT_TIMESTAMP COMMENT '更新時間',
	`create_time` timestamp NOT NULL DEFAULT CURRENT_TIMESTAMP,
	PRIMARY KEY (`tp_id`)
) ENGINE=`MyISAM` AUTO_INCREMENT=8 DEFAULT CHARACTER SET utf8 COLLATE utf8_general_ci ROW_FORMAT=DYNAMIC COMMENT='用戶面交點列表' CHECKSUM=0 DELAY_KEY_WRITE=0;

-- ----------------------------
--  Records of `transaction_place`
-- ----------------------------
BEGIN;
INSERT INTO `transaction_place` VALUES ('4', '5', '21', '291', '肯德基', '雙連路30號', '0', '2017-12-01 00:36:17', '2017-11-18 14:28:05'), ('5', '5', '1', '12', '台北車站', '承德路一段1-1號', '0', '2017-12-01 00:31:38', '2017-11-18 14:28:43');
COMMIT;

-- ----------------------------
--  Table structure for `user`
-- ----------------------------
DROP TABLE IF EXISTS `user`;
CREATE TABLE `user` (
	`uid` int(10) UNSIGNED NOT NULL AUTO_INCREMENT COMMENT '會員ID',
	`name` varchar(15) NOT NULL COMMENT '會員名稱',
	`nickname` varchar(30) NOT NULL COMMENT '暱稱',
	`username` varchar(50) NOT NULL COMMENT '會員帳號 (email)',
	`password` varchar(255) NOT NULL COMMENT 'md5後的會員密碼',
	`sex` tinyint(1) NOT NULL DEFAULT '1' COMMENT '性別, 1男2女',
	`id_number` varchar(10) DEFAULT NULL COMMENT '身份證字號',
	`phone_number` varchar(15) DEFAULT NULL COMMENT '電話號碼',
	`address` varchar(50) DEFAULT NULL COMMENT '地址',
	`line_id` varchar(20) DEFAULT NULL COMMENT '通訊軟體 line ID',
	`status` tinyint(1) NOT NULL DEFAULT '0' COMMENT '帳號狀態, 0正常 1會員第一次停權 2租公第一次停權 3永久停權 4刪除',
	`email_valid` tinyint(4) NOT NULL DEFAULT '0' COMMENT '信箱驗證',
	`phone_valid` tinyint(4) NOT NULL DEFAULT '0' COMMENT '電話驗證',
	`credit_card_valid` tinyint(1) NOT NULL DEFAULT '0' COMMENT '租公信用卡是否認證通過, 預設0，1為通過',
	`rent_master` tinyint(1) NOT NULL DEFAULT '0' COMMENT '是否為租公',
	`ad_percent` int(11) NOT NULL DEFAULT '0' COMMENT '成為租公時取得的廣告優惠趴數',
	`ad_percent_date` timestamp NULL DEFAULT NULL COMMENT '成為租公時取得的廣告優惠趴數到期時間',
	`good` int(11) NOT NULL DEFAULT '0' COMMENT '好評總數',
	`bad` int(11) NOT NULL DEFAULT '0' COMMENT '差評總數',
	`rent_time` int(10) UNSIGNED NOT NULL DEFAULT '0' COMMENT '租借次數',
	`master_time` int(11) NOT NULL DEFAULT '0' COMMENT '出租次數',
	`lock_time` timestamp NULL DEFAULT NULL COMMENT '帳號停權截止日期, 狀態為1,2時才會有值',
	`last_login` timestamp NULL DEFAULT NULL COMMENT '最後登入時間',
	`update_time` timestamp NOT NULL ON UPDATE CURRENT_TIMESTAMP DEFAULT CURRENT_TIMESTAMP COMMENT '最後更新時間',
	`create_time` timestamp NOT NULL DEFAULT CURRENT_TIMESTAMP COMMENT '帳號創建時間',
	PRIMARY KEY (`uid`),
	UNIQUE `email` (username)
) ENGINE=`MyISAM` AUTO_INCREMENT=9 DEFAULT CHARACTER SET utf8 COLLATE utf8_general_ci ROW_FORMAT=DYNAMIC COMMENT='電電租用戶列表' CHECKSUM=0 DELAY_KEY_WRITE=0;

-- ----------------------------
--  Records of `user`
-- ----------------------------
BEGIN;
INSERT INTO `user` VALUES ('5', 'eric', 'new1', 'erickkpk@gmail.com', 'b0baee9d279d34fa1dfd71aadb908c3f', '1', 'a985663223', '0980910641', '天龍國', 'sdfe', '0', '1', '1', '1', '1', '0', null, '0', '1', '0', '0', null, '2017-12-29 12:07:26', '2017-12-29 20:07:26', '2017-11-04 17:00:08'), ('6', 'jimmy chou', 'jj', 'kkkpk87@hotmail.com', 'b0baee9d279d34fa1dfd71aadb908c3f', '1', 'f122992332', '0980910641', 'aabbcc天龍人', '', '0', '1', '1', '0', '0', '0', null, '0', '0', '0', '0', null, '2017-12-29 13:25:22', '2017-12-29 21:25:22', '2017-11-10 00:17:46'), ('7', 'eric3', 'enn3', 'kkkpk86@yahoo.com.tw', 'b0baee9d279d34fa1dfd71aadb908c3f', '2', 'a123456789', '0980910641', '', '', '0', '1', '1', '0', '0', '0', null, '1', '0', '1', '0', null, '2017-12-27 07:23:28', '2017-12-27 15:23:28', '2017-11-11 00:01:07'), ('8', 'test1', 'testtt', 'abc@abc.com', 'b0baee9d279d34fa1dfd71aadb908c3f', '2', 'a123456789', '0980910641', '', '', '0', '1', '0', '0', '0', '0', null, '0', '0', '0', '0', null, '2017-12-01 14:53:39', '2017-12-01 21:53:39', '2017-12-01 20:30:44');
COMMIT;

-- ----------------------------
--  Table structure for `user_sign_valid`
-- ----------------------------
DROP TABLE IF EXISTS `user_sign_valid`;
CREATE TABLE `user_sign_valid` (
	`uid` int(10) UNSIGNED NOT NULL COMMENT '會員ID',
	`sign` varchar(64) NOT NULL COMMENT '驗證碼',
	`create_time` timestamp NULL DEFAULT CURRENT_TIMESTAMP,
	PRIMARY KEY (`uid`)
) ENGINE=`MyISAM` DEFAULT CHARACTER SET utf8 COLLATE utf8_general_ci ROW_FORMAT=DYNAMIC CHECKSUM=0 DELAY_KEY_WRITE=0;

-- ----------------------------
--  Records of `user_sign_valid`
-- ----------------------------
BEGIN;
INSERT INTO `user_sign_valid` VALUES ('7', '6754', '2017-11-18 20:12:48');
COMMIT;

SET FOREIGN_KEY_CHECKS = 1;
